sentence,tokens,tags
Mount Everest is the highest mountain in the world.  ,"['Mount', 'Everest', 'is', 'the', 'highest', 'mountain', 'in', 'the', 'world.']","['B-MOUNTAIN', 'I-MOUNTAIN', 'O', 'O', 'O', 'O', 'O', 'O', 'O']"
Kilimanjaro offers breathtaking views of Africa.,"['Kilimanjaro', 'offers', 'breathtaking', 'views', 'of', 'Africa.']","['B-MOUNTAIN', 'O', 'O', 'O', 'O', 'O']"
The sunrise view from Mount Kilimanjaro is breathtaking.  ,"['The', 'sunrise', 'view', 'from', 'Mount', 'Kilimanjaro', 'is', 'breathtaking.']","['O', 'O', 'O', 'O', 'B-MOUNTAIN', 'I-MOUNTAIN', 'O', 'O']"
Mount Fuji is an iconic symbol of Japan.  ,"['Mount', 'Fuji', 'is', 'an', 'iconic', 'symbol', 'of', 'Japan.']","['B-MOUNTAIN', 'I-MOUNTAIN', 'O', 'O', 'O', 'O', 'O', 'O']"
Many climbers dream of scaling Denali in Alaska.  ,"['Many', 'climbers', 'dream', 'of', 'scaling', 'Denali', 'in', 'Alaska.']","['O', 'O', 'O', 'O', 'O', 'B-MOUNTAIN', 'O', 'O']"
"K2, also known as Mount Godwin-Austen, is one of the most challenging peaks.","['K2,', 'also', 'known', 'as', 'Mount', 'Godwin-Austen,', 'is', 'one', 'of', 'the', 'most', 'challenging', 'peaks.']","['B-MOUNTAIN', 'O', 'O', 'O', 'O', 'O', 'O', 'O', 'O', 'O', 'O', 'O', 'O']"
Aoraki / Mount Cook is the tallest mountain in New Zealand.  ,"['Aoraki', '/', 'Mount', 'Cook', 'is', 'the', 'tallest', 'mountain', 'in', 'New', 'Zealand.']","['B-MOUNTAIN', 'I-MOUNTAIN', 'I-MOUNTAIN', 'I-MOUNTAIN', 'O', 'O', 'O', 'O', 'O', 'O', 'O']"
Mount Elbrus is the highest peak in Europe.  ,"['Mount', 'Elbrus', 'is', 'the', 'highest', 'peak', 'in', 'Europe.']","['B-MOUNTAIN', 'I-MOUNTAIN', 'O', 'O', 'O', 'O', 'O', 'O']"
Climbing Vinson in Antarctica is a rare adventure.  ,"['Climbing', 'Vinson', 'in', 'Antarctica', 'is', 'a', 'rare', 'adventure.']","['O', 'B-MOUNTAIN', 'O', 'O', 'O', 'O', 'O', 'O']"
Mount Rainier towers over the skyline of Seattle.  ,"['Mount', 'Rainier', 'towers', 'over', 'the', 'skyline', 'of', 'Seattle.']","['B-MOUNTAIN', 'I-MOUNTAIN', 'O', 'O', 'O', 'O', 'O', 'O']"
Mont Blanc is the highest mountain in the Alps.  ,"['Mont', 'Blanc', 'is', 'the', 'highest', 'mountain', 'in', 'the', 'Alps.']","['B-MOUNTAIN', 'I-MOUNTAIN', 'O', 'O', 'O', 'O', 'O', 'O', 'O']"
Mount Kosciuszko is Australia's tallest mountain.  ,"['Mount', 'Kosciuszko', 'is', ""Australia's"", 'tallest', 'mountain.']","['B-MOUNTAIN', 'I-MOUNTAIN', 'O', 'O', 'O', 'O']"
Mount McKinley was renamed Denali in 2015.  ,"['Mount', 'McKinley', 'was', 'renamed', 'Denali', 'in', '2015.']","['O', 'O', 'O', 'O', 'B-MOUNTAIN', 'O', 'O']"
The Matterhorn is a famous mountain in the Swiss Alps.  ,"['The', 'Matterhorn', 'is', 'a', 'famous', 'mountain', 'in', 'the', 'Swiss', 'Alps.']","['O', 'B-MOUNTAIN', 'O', 'O', 'O', 'O', 'O', 'O', 'O', 'O']"
Mount Whitney is the tallest peak in the contiguous United States.  ,"['Mount', 'Whitney', 'is', 'the', 'tallest', 'peak', 'in', 'the', 'contiguous', 'United', 'States.']","['B-MOUNTAIN', 'I-MOUNTAIN', 'O', 'O', 'O', 'O', 'O', 'O', 'O', 'O', 'O']"
Mount Shasta in California is a dormant volcano.  ,"['Mount', 'Shasta', 'in', 'California', 'is', 'a', 'dormant', 'volcano.']","['B-MOUNTAIN', 'I-MOUNTAIN', 'O', 'O', 'O', 'O', 'O', 'O']"
Mount St. Helens erupted dramatically in 1980.  ,"['Mount', 'St.', 'Helens', 'erupted', 'dramatically', 'in', '1980.']","['B-MOUNTAIN', 'I-MOUNTAIN', 'I-MOUNTAIN', 'O', 'O', 'O', 'O']"
Climbing Mount Aconcagua is a major goal for mountaineers.  ,"['Climbing', 'Mount', 'Aconcagua', 'is', 'a', 'major', 'goal', 'for', 'mountaineers.']","['O', 'O', 'B-MOUNTAIN', 'O', 'O', 'O', 'O', 'O', 'O']"
Mount Olympus is the legendary home of the Greek gods.  ,"['Mount', 'Olympus', 'is', 'the', 'legendary', 'home', 'of', 'the', 'Greek', 'gods.']","['B-MOUNTAIN', 'I-MOUNTAIN', 'O', 'O', 'O', 'O', 'O', 'O', 'O', 'O']"
Mount Roraima is a stunning flat-topped mountain in South America.  ,"['Mount', 'Roraima', 'is', 'a', 'stunning', 'flat-topped', 'mountain', 'in', 'South', 'America.']","['O', 'O', 'O', 'O', 'O', 'O', 'O', 'O', 'O', 'O']"
Table Mountain in South Africa offers stunning views of Cape Town.  ,"['Table', 'Mountain', 'in', 'South', 'Africa', 'offers', 'stunning', 'views', 'of', 'Cape', 'Town.']","['O', 'O', 'O', 'O', 'O', 'O', 'O', 'O', 'O', 'O', 'O']"
Mount Kenya is the second-highest mountain in Africa.  ,"['Mount', 'Kenya', 'is', 'the', 'second-highest', 'mountain', 'in', 'Africa.']","['B-MOUNTAIN', 'I-MOUNTAIN', 'O', 'O', 'O', 'O', 'O', 'O']"
Mount Kosciuszko is popular among hikers in Australia.  ,"['Mount', 'Kosciuszko', 'is', 'popular', 'among', 'hikers', 'in', 'Australia.']","['B-MOUNTAIN', 'I-MOUNTAIN', 'O', 'O', 'O', 'O', 'O', 'O']"
Mount Ararat is traditionally believed to be the resting place of Noah's Ark.  ,"['Mount', 'Ararat', 'is', 'traditionally', 'believed', 'to', 'be', 'the', 'resting', 'place', 'of', ""Noah's"", 'Ark.']","['B-MOUNTAIN', 'I-MOUNTAIN', 'O', 'O', 'O', 'O', 'O', 'O', 'O', 'O', 'O', 'O', 'O']"
The Inca Trail leads to the ancient city of Machu Picchu and passes through the Andes Mountains.  ,"['The', 'Inca', 'Trail', 'leads', 'to', 'the', 'ancient', 'city', 'of', 'Machu', 'Picchu', 'and', 'passes', 'through', 'the', 'Andes', 'Mountains.']","['O', 'O', 'O', 'O', 'O', 'O', 'O', 'O', 'O', 'O', 'O', 'O', 'O', 'O', 'O', 'O', 'O']"
"Mount Fitz Roy, in Patagonia, attracts climbers from around the world.","['Mount', 'Fitz', 'Roy,', 'in', 'Patagonia,', 'attracts', 'climbers', 'from', 'around', 'the', 'world.']","['O', 'O', 'O', 'O', 'O', 'O', 'O', 'O', 'O', 'O', 'O']"
Mount Etna in Sicily is one of the most active volcanoes in Europe.  ,"['Mount', 'Etna', 'in', 'Sicily', 'is', 'one', 'of', 'the', 'most', 'active', 'volcanoes', 'in', 'Europe.']","['B-MOUNTAIN', 'I-MOUNTAIN', 'O', 'O', 'O', 'O', 'O', 'O', 'O', 'O', 'O', 'O', 'O']"
Mount Parnassus is sacred in Greek mythology.  ,"['Mount', 'Parnassus', 'is', 'sacred', 'in', 'Greek', 'mythology.']","['B-MOUNTAIN', 'I-MOUNTAIN', 'O', 'O', 'O', 'O', 'O']"
Mount Hood is a popular ski destination in Oregon.  ,"['Mount', 'Hood', 'is', 'a', 'popular', 'ski', 'destination', 'in', 'Oregon.']","['B-MOUNTAIN', 'I-MOUNTAIN', 'O', 'O', 'O', 'O', 'O', 'O', 'O']"
Mount Mitchell is the highest point in the eastern United States.  ,"['Mount', 'Mitchell', 'is', 'the', 'highest', 'point', 'in', 'the', 'eastern', 'United', 'States.']","['B-MOUNTAIN', 'I-MOUNTAIN', 'O', 'O', 'O', 'O', 'O', 'O', 'O', 'O', 'O']"
Mount Robson is the tallest peak in the Canadian Rockies.  ,"['Mount', 'Robson', 'is', 'the', 'tallest', 'peak', 'in', 'the', 'Canadian', 'Rockies.']","['B-MOUNTAIN', 'I-MOUNTAIN', 'O', 'O', 'O', 'O', 'O', 'O', 'O', 'O']"
Mount Eiger's north face is one of the most notorious climbing routes.  ,"['Mount', ""Eiger's"", 'north', 'face', 'is', 'one', 'of', 'the', 'most', 'notorious', 'climbing', 'routes.']","['O', 'B-MOUNTAIN', 'O', 'O', 'O', 'O', 'O', 'O', 'O', 'O', 'O', 'O']"
Mount Kinabalu in Borneo is a UNESCO World Heritage Site.  ,"['Mount', 'Kinabalu', 'in', 'Borneo', 'is', 'a', 'UNESCO', 'World', 'Heritage', 'Site.']","['B-MOUNTAIN', 'I-MOUNTAIN', 'O', 'O', 'O', 'O', 'O', 'O', 'O', 'O']"
The Andes Mountains contain many of the highest peaks in the Western Hemisphere.  ,"['The', 'Andes', 'Mountains', 'contain', 'many', 'of', 'the', 'highest', 'peaks', 'in', 'the', 'Western', 'Hemisphere.']","['O', 'O', 'O', 'O', 'O', 'O', 'O', 'O', 'O', 'O', 'O', 'O', 'O']"
Mount Baker in Washington is one of the snowiest places on Earth.  ,"['Mount', 'Baker', 'in', 'Washington', 'is', 'one', 'of', 'the', 'snowiest', 'places', 'on', 'Earth.']","['O', 'O', 'O', 'O', 'O', 'O', 'O', 'O', 'O', 'O', 'O', 'O']"
Mount Sinai is famous for its biblical significance.  ,"['Mount', 'Sinai', 'is', 'famous', 'for', 'its', 'biblical', 'significance.']","['B-MOUNTAIN', 'I-MOUNTAIN', 'O', 'O', 'O', 'O', 'O', 'O']"
"Mount Tambora erupted in 1815, leading to the Year Without a Summer.","['Mount', 'Tambora', 'erupted', 'in', '1815,', 'leading', 'to', 'the', 'Year', 'Without', 'a', 'Summer.']","['O', 'O', 'O', 'O', 'O', 'O', 'O', 'O', 'O', 'O', 'O', 'O']"
Mount Kilauea in Hawaii has been erupting for decades.  ,"['Mount', 'Kilauea', 'in', 'Hawaii', 'has', 'been', 'erupting', 'for', 'decades.']","['O', 'O', 'O', 'O', 'O', 'O', 'O', 'O', 'O']"
The Annapurna Massif is known for its challenging trekking routes.  ,"['The', 'Annapurna', 'Massif', 'is', 'known', 'for', 'its', 'challenging', 'trekking', 'routes.']","['O', 'B-MOUNTAIN', 'O', 'O', 'O', 'O', 'O', 'O', 'O', 'O']"
Mount Agung in Bali is a sacred volcano.  ,"['Mount', 'Agung', 'in', 'Bali', 'is', 'a', 'sacred', 'volcano.']","['B-MOUNTAIN', 'I-MOUNTAIN', 'O', 'O', 'O', 'O', 'O', 'O']"
Mount Ngauruhoe in New Zealand was used as a filming location for Mount Doom in *The Lord of the Rings*.  ,"['Mount', 'Ngauruhoe', 'in', 'New', 'Zealand', 'was', 'used', 'as', 'a', 'filming', 'location', 'for', 'Mount', 'Doom', 'in', '*The', 'Lord', 'of', 'the', 'Rings*.']","['O', 'O', 'O', 'O', 'O', 'O', 'O', 'O', 'O', 'O', 'O', 'O', 'O', 'O', 'O', 'O', 'O', 'O', 'O', 'O']"
Mount Meru in Tanzania is often climbed before Mount Kilimanjaro.  ,"['Mount', 'Meru', 'in', 'Tanzania', 'is', 'often', 'climbed', 'before', 'Mount', 'Kilimanjaro.']","['B-MOUNTAIN', 'I-MOUNTAIN', 'O', 'O', 'O', 'O', 'O', 'O', 'B-MOUNTAIN', 'I-MOUNTAIN']"
Mount Koshtan-Tau is one of the highest peaks in the Caucasus Mountains.  ,"['Mount', 'Koshtan-Tau', 'is', 'one', 'of', 'the', 'highest', 'peaks', 'in', 'the', 'Caucasus', 'Mountains.']","['O', 'B-MOUNTAIN', 'O', 'O', 'O', 'O', 'O', 'O', 'O', 'O', 'O', 'O']"
The Dolomites are a spectacular mountain range in northeastern Italy.  ,"['The', 'Dolomites', 'are', 'a', 'spectacular', 'mountain', 'range', 'in', 'northeastern', 'Italy.']","['O', 'O', 'O', 'O', 'O', 'O', 'O', 'O', 'O', 'O']"
Mount Erebus in Antarctica is one of the southernmost active volcanoes.  ,"['Mount', 'Erebus', 'in', 'Antarctica', 'is', 'one', 'of', 'the', 'southernmost', 'active', 'volcanoes.']","['B-MOUNTAIN', 'I-MOUNTAIN', 'O', 'O', 'O', 'O', 'O', 'O', 'O', 'O', 'O']"
Mount Ruapehu is a stratovolcano in New Zealand’s North Island.  ,"['Mount', 'Ruapehu', 'is', 'a', 'stratovolcano', 'in', 'New', 'Zealand’s', 'North', 'Island.']","['B-MOUNTAIN', 'I-MOUNTAIN', 'O', 'O', 'O', 'O', 'O', 'O', 'O', 'O']"
"Mount Sabyinyo, in the Virunga Mountains, marks the border of three countries: Rwanda, Uganda, and the Democratic Republic of Congo.","['Mount', 'Sabyinyo,', 'in', 'the', 'Virunga', 'Mountains,', 'marks', 'the', 'border', 'of', 'three', 'countries:', 'Rwanda,', 'Uganda,', 'and', 'the', 'Democratic', 'Republic', 'of', 'Congo.']","['O', 'O', 'O', 'O', 'O', 'O', 'O', 'O', 'O', 'O', 'O', 'O', 'O', 'O', 'O', 'O', 'O', 'O', 'O', 'O']"
Mount Olympus in Cyprus offers stunning views of the Mediterranean.  ,"['Mount', 'Olympus', 'in', 'Cyprus', 'offers', 'stunning', 'views', 'of', 'the', 'Mediterranean.']","['B-MOUNTAIN', 'I-MOUNTAIN', 'O', 'O', 'O', 'O', 'O', 'O', 'O', 'O']"
The Caucasus Mountains stretch between the Black Sea and the Caspian Sea.  ,"['The', 'Caucasus', 'Mountains', 'stretch', 'between', 'the', 'Black', 'Sea', 'and', 'the', 'Caspian', 'Sea.']","['O', 'O', 'O', 'O', 'O', 'O', 'O', 'O', 'O', 'O', 'O', 'O']"
Mount Athos in Greece is a monastic state and a UNESCO World Heritage Site.  ,"['Mount', 'Athos', 'in', 'Greece', 'is', 'a', 'monastic', 'state', 'and', 'a', 'UNESCO', 'World', 'Heritage', 'Site.']","['O', 'O', 'O', 'O', 'O', 'O', 'O', 'O', 'O', 'O', 'O', 'O', 'O', 'O']"
Mount Toubkal is the highest peak in North Africa.  ,"['Mount', 'Toubkal', 'is', 'the', 'highest', 'peak', 'in', 'North', 'Africa.']","['O', 'O', 'O', 'O', 'O', 'O', 'O', 'O', 'O']"
Mount Vesuvius famously destroyed Pompeii and Herculaneum in AD 79.  ,"['Mount', 'Vesuvius', 'famously', 'destroyed', 'Pompeii', 'and', 'Herculaneum', 'in', 'AD', '79.']","['B-MOUNTAIN', 'I-MOUNTAIN', 'O', 'O', 'O', 'O', 'O', 'O', 'O', 'O']"
Mount Cardigan in New Hampshire is popular among hikers.  ,"['Mount', 'Cardigan', 'in', 'New', 'Hampshire', 'is', 'popular', 'among', 'hikers.']","['O', 'O', 'O', 'O', 'O', 'O', 'O', 'O', 'O']"
Mount Graham is sacred to the Apache people in Arizona.  ,"['Mount', 'Graham', 'is', 'sacred', 'to', 'the', 'Apache', 'people', 'in', 'Arizona.']","['O', 'O', 'O', 'O', 'O', 'O', 'O', 'O', 'O', 'O']"
Mount Damavand is the highest peak in Iran and the Middle East.  ,"['Mount', 'Damavand', 'is', 'the', 'highest', 'peak', 'in', 'Iran', 'and', 'the', 'Middle', 'East.']","['B-MOUNTAIN', 'I-MOUNTAIN', 'O', 'O', 'O', 'O', 'O', 'O', 'O', 'O', 'O', 'O']"
The Atlas Mountains span across North Africa.  ,"['The', 'Atlas', 'Mountains', 'span', 'across', 'North', 'Africa.']","['O', 'O', 'O', 'O', 'O', 'O', 'O']"
Mount Chimborazo in Ecuador is the closest point on Earth to the sun.  ,"['Mount', 'Chimborazo', 'in', 'Ecuador', 'is', 'the', 'closest', 'point', 'on', 'Earth', 'to', 'the', 'sun.']","['O', 'B-MOUNTAIN', 'O', 'O', 'O', 'O', 'O', 'O', 'O', 'O', 'O', 'O', 'O']"
Mount Elgon sits on the border of Uganda and Kenya.  ,"['Mount', 'Elgon', 'sits', 'on', 'the', 'border', 'of', 'Uganda', 'and', 'Kenya.']","['B-MOUNTAIN', 'I-MOUNTAIN', 'O', 'O', 'O', 'O', 'O', 'O', 'O', 'O']"
"Mount Assiniboine is often referred to as the ""Matterhorn of the Rockies.""  ","['Mount', 'Assiniboine', 'is', 'often', 'referred', 'to', 'as', 'the', '""Matterhorn', 'of', 'the', 'Rockies.""']","['B-MOUNTAIN', 'I-MOUNTAIN', 'O', 'O', 'O', 'O', 'O', 'O', 'O', 'B-MOUNTAIN', 'O', 'O']"
Mount Kazbek is one of the highest peaks in Georgia.  ,"['Mount', 'Kazbek', 'is', 'one', 'of', 'the', 'highest', 'peaks', 'in', 'Georgia.']","['B-MOUNTAIN', 'I-MOUNTAIN', 'O', 'O', 'O', 'O', 'O', 'O', 'O', 'O']"
Mount Rundle in Banff National Park is a stunning sight.  ,"['Mount', 'Rundle', 'in', 'Banff', 'National', 'Park', 'is', 'a', 'stunning', 'sight.']","['O', 'O', 'O', 'O', 'O', 'O', 'O', 'O', 'O', 'O']"
Mount Liankang Kangri lies in a remote area of the Himalayas.  ,"['Mount', 'Liankang', 'Kangri', 'lies', 'in', 'a', 'remote', 'area', 'of', 'the', 'Himalayas.']","['O', 'B-MOUNTAIN', 'I-MOUNTAIN', 'O', 'O', 'O', 'O', 'O', 'O', 'O', 'O']"
The Carpathian Mountains form a natural border between Poland and Slovakia.  ,"['The', 'Carpathian', 'Mountains', 'form', 'a', 'natural', 'border', 'between', 'Poland', 'and', 'Slovakia.']","['O', 'O', 'O', 'O', 'O', 'O', 'O', 'O', 'O', 'O', 'O']"
Mount Gede in Indonesia is part of a volcanic complex.  ,"['Mount', 'Gede', 'in', 'Indonesia', 'is', 'part', 'of', 'a', 'volcanic', 'complex.']","['O', 'O', 'O', 'O', 'O', 'O', 'O', 'O', 'O', 'O']"
Mount Tsukuba is a sacred mountain in Japan.  ,"['Mount', 'Tsukuba', 'is', 'a', 'sacred', 'mountain', 'in', 'Japan.']","['O', 'O', 'O', 'O', 'O', 'O', 'O', 'O']"
Mount Diablo offers panoramic views of the San Francisco Bay Area.  ,"['Mount', 'Diablo', 'offers', 'panoramic', 'views', 'of', 'the', 'San', 'Francisco', 'Bay', 'Area.']","['B-MOUNTAIN', 'I-MOUNTAIN', 'O', 'O', 'O', 'O', 'O', 'O', 'O', 'O', 'O']"
Mount Cook in New Zealand is a favorite destination for climbers.  ,"['Mount', 'Cook', 'in', 'New', 'Zealand', 'is', 'a', 'favorite', 'destination', 'for', 'climbers.']","['B-MOUNTAIN', 'I-MOUNTAIN', 'O', 'O', 'O', 'O', 'O', 'O', 'O', 'O', 'O']"
Mount Merapi in Indonesia is one of the most active volcanoes in the world.  ,"['Mount', 'Merapi', 'in', 'Indonesia', 'is', 'one', 'of', 'the', 'most', 'active', 'volcanoes', 'in', 'the', 'world.']","['O', 'O', 'O', 'O', 'O', 'O', 'O', 'O', 'O', 'O', 'O', 'O', 'O', 'O']"
Mount Seoraksan is a popular hiking destination in South Korea.  ,"['Mount', 'Seoraksan', 'is', 'a', 'popular', 'hiking', 'destination', 'in', 'South', 'Korea.']","['O', 'O', 'O', 'O', 'O', 'O', 'O', 'O', 'O', 'O']"
Mount Lhotse is the fourth-highest mountain in the world.  ,"['Mount', 'Lhotse', 'is', 'the', 'fourth-highest', 'mountain', 'in', 'the', 'world.']","['O', 'B-MOUNTAIN', 'O', 'O', 'O', 'O', 'O', 'O', 'O']"
Mount Damavand is a dormant volcano in Iran.  ,"['Mount', 'Damavand', 'is', 'a', 'dormant', 'volcano', 'in', 'Iran.']","['B-MOUNTAIN', 'I-MOUNTAIN', 'O', 'O', 'O', 'O', 'O', 'O']"
Mount St. Elias straddles the border between the United States and Canada.  ,"['Mount', 'St.', 'Elias', 'straddles', 'the', 'border', 'between', 'the', 'United', 'States', 'and', 'Canada.']","['O', 'O', 'O', 'O', 'O', 'O', 'O', 'O', 'O', 'O', 'O', 'O']"
Mount Kosciusko was named after the Polish-Lithuanian hero Tadeusz Kościuszko.  ,"['Mount', 'Kosciusko', 'was', 'named', 'after', 'the', 'Polish-Lithuanian', 'hero', 'Tadeusz', 'Kościuszko.']","['O', 'O', 'O', 'O', 'O', 'O', 'O', 'O', 'O', 'O']"
Mount Huascarán in Peru is the highest peak in the tropics.  ,"['Mount', 'Huascarán', 'in', 'Peru', 'is', 'the', 'highest', 'peak', 'in', 'the', 'tropics.']","['B-MOUNTAIN', 'I-MOUNTAIN', 'O', 'O', 'O', 'O', 'O', 'O', 'O', 'O', 'O']"
Mount Cook is often climbed by those seeking to practice for more technical ascents.  ,"['Mount', 'Cook', 'is', 'often', 'climbed', 'by', 'those', 'seeking', 'to', 'practice', 'for', 'more', 'technical', 'ascents.']","['B-MOUNTAIN', 'I-MOUNTAIN', 'O', 'O', 'O', 'O', 'O', 'O', 'O', 'O', 'O', 'O', 'O', 'O']"
The Karakoram Range includes K2 and numerous other high peaks.  ,"['The', 'Karakoram', 'Range', 'includes', 'K2', 'and', 'numerous', 'other', 'high', 'peaks.']","['O', 'O', 'O', 'O', 'B-MOUNTAIN', 'O', 'O', 'O', 'O', 'O']"
Mount Townsend is the second-highest peak in Australia.  ,"['Mount', 'Townsend', 'is', 'the', 'second-highest', 'peak', 'in', 'Australia.']","['B-MOUNTAIN', 'I-MOUNTAIN', 'O', 'O', 'O', 'O', 'O', 'O']"
Mount Victoria in Myanmar is a stunning trekking destination.  ,"['Mount', 'Victoria', 'in', 'Myanmar', 'is', 'a', 'stunning', 'trekking', 'destination.']","['B-MOUNTAIN', 'I-MOUNTAIN', 'O', 'O', 'O', 'O', 'O', 'O', 'O']"
Mount Wilhelm is the highest peak in Papua New Guinea.  ,"['Mount', 'Wilhelm', 'is', 'the', 'highest', 'peak', 'in', 'Papua', 'New', 'Guinea.']","['B-MOUNTAIN', 'I-MOUNTAIN', 'O', 'O', 'O', 'O', 'O', 'O', 'O', 'O']"
Mount Sinai is where Moses is said to have received the Ten Commandments.  ,"['Mount', 'Sinai', 'is', 'where', 'Moses', 'is', 'said', 'to', 'have', 'received', 'the', 'Ten', 'Commandments.']","['B-MOUNTAIN', 'I-MOUNTAIN', 'O', 'O', 'O', 'O', 'O', 'O', 'O', 'O', 'O', 'O', 'O']"
Mount Batur in Bali is a popular destination for sunrise treks.  ,"['Mount', 'Batur', 'in', 'Bali', 'is', 'a', 'popular', 'destination', 'for', 'sunrise', 'treks.']","['B-MOUNTAIN', 'I-MOUNTAIN', 'O', 'O', 'O', 'O', 'O', 'O', 'O', 'O', 'O']"
The Great Dividing Range runs along the eastern coast of Australia.  ,"['The', 'Great', 'Dividing', 'Range', 'runs', 'along', 'the', 'eastern', 'coast', 'of', 'Australia.']","['O', 'O', 'O', 'O', 'O', 'O', 'O', 'O', 'O', 'O', 'O']"
Mount Charleston is a year-round destination for hiking and skiing in Nevada.  ,"['Mount', 'Charleston', 'is', 'a', 'year-round', 'destination', 'for', 'hiking', 'and', 'skiing', 'in', 'Nevada.']","['B-MOUNTAIN', 'I-MOUNTAIN', 'O', 'O', 'O', 'O', 'O', 'O', 'O', 'O', 'O', 'O']"
"Mount Baker, in Washington, is a dormant volcano known for its glaciers.  ","['Mount', 'Baker,', 'in', 'Washington,', 'is', 'a', 'dormant', 'volcano', 'known', 'for', 'its', 'glaciers.']","['O', 'O', 'O', 'O', 'O', 'O', 'O', 'O', 'O', 'O', 'O', 'O']"
Mount Maunganui is a popular coastal destination in New Zealand.  ,"['Mount', 'Maunganui', 'is', 'a', 'popular', 'coastal', 'destination', 'in', 'New', 'Zealand.']","['O', 'O', 'O', 'O', 'O', 'O', 'O', 'O', 'O', 'O']"
Mount Tongariro in New Zealand is part of the Tongariro Alpine Crossing.  ,"['Mount', 'Tongariro', 'in', 'New', 'Zealand', 'is', 'part', 'of', 'the', 'Tongariro', 'Alpine', 'Crossing.']","['B-MOUNTAIN', 'I-MOUNTAIN', 'O', 'O', 'O', 'O', 'O', 'O', 'O', 'O', 'O', 'O']"
Mount Thielsen in Oregon is known for its spire-like peak.  ,"['Mount', 'Thielsen', 'in', 'Oregon', 'is', 'known', 'for', 'its', 'spire-like', 'peak.']","['B-MOUNTAIN', 'I-MOUNTAIN', 'O', 'O', 'O', 'O', 'O', 'O', 'O', 'O']"
Mount Kosciuszko is often visited in the summer by families looking to hike.  ,"['Mount', 'Kosciuszko', 'is', 'often', 'visited', 'in', 'the', 'summer', 'by', 'families', 'looking', 'to', 'hike.']","['B-MOUNTAIN', 'I-MOUNTAIN', 'O', 'O', 'O', 'O', 'O', 'O', 'O', 'O', 'O', 'O', 'O']"
"Mount Taranaki, in New Zealand, is famous for its perfect cone shape.  ","['Mount', 'Taranaki,', 'in', 'New', 'Zealand,', 'is', 'famous', 'for', 'its', 'perfect', 'cone', 'shape.']","['O', 'O', 'O', 'O', 'O', 'O', 'O', 'O', 'O', 'O', 'O', 'O']"
Mount Teide in the Canary Islands is Spain's highest peak. ,"['Mount', 'Teide', 'in', 'the', 'Canary', 'Islands', 'is', ""Spain's"", 'highest', 'peak.']","['O', 'B-MOUNTAIN', 'O', 'O', 'O', 'O', 'O', 'O', 'O', 'O']"
"Mount Bogong is the highest mountain in Victoria, Australia.  ","['Mount', 'Bogong', 'is', 'the', 'highest', 'mountain', 'in', 'Victoria,', 'Australia.']","['B-MOUNTAIN', 'I-MOUNTAIN', 'O', 'O', 'O', 'O', 'O', 'O', 'O']"
Mount Asgard in Canada has vertical cliff faces that attract experienced climbers.  ,"['Mount', 'Asgard', 'in', 'Canada', 'has', 'vertical', 'cliff', 'faces', 'that', 'attract', 'experienced', 'climbers.']","['B-MOUNTAIN', 'I-MOUNTAIN', 'O', 'O', 'O', 'O', 'O', 'O', 'O', 'O', 'O', 'O']"
The Sierra Nevada range includes famous peaks like Mount Whitney and Mount Langley.  ,"['The', 'Sierra', 'Nevada', 'range', 'includes', 'famous', 'peaks', 'like', 'Mount', 'Whitney', 'and', 'Mount', 'Langley.']","['O', 'O', 'O', 'O', 'O', 'O', 'O', 'O', 'B-MOUNTAIN', 'I-MOUNTAIN', 'O', 'B-MOUNTAIN', 'I-MOUNTAIN']"
Mount Sneffels in Colorado is a favorite among mountaineers.  ,"['Mount', 'Sneffels', 'in', 'Colorado', 'is', 'a', 'favorite', 'among', 'mountaineers.']","['B-MOUNTAIN', 'I-MOUNTAIN', 'O', 'O', 'O', 'O', 'O', 'O', 'O']"
Mount Olympus in Utah is a popular hike offering incredible city views.  ,"['Mount', 'Olympus', 'in', 'Utah', 'is', 'a', 'popular', 'hike', 'offering', 'incredible', 'city', 'views.']","['B-MOUNTAIN', 'I-MOUNTAIN', 'O', 'O', 'O', 'O', 'O', 'O', 'O', 'O', 'O', 'O']"
Mount Katahdin in Maine marks the end of the Appalachian Trail.  ,"['Mount', 'Katahdin', 'in', 'Maine', 'marks', 'the', 'end', 'of', 'the', 'Appalachian', 'Trail.']","['B-MOUNTAIN', 'I-MOUNTAIN', 'O', 'O', 'O', 'O', 'O', 'O', 'O', 'O', 'O']"
"The Julian Alps are home to Mount Triglav, the highest peak in Slovenia.","['The', 'Julian', 'Alps', 'are', 'home', 'to', 'Mount', 'Triglav,', 'the', 'highest', 'peak', 'in', 'Slovenia.']","['O', 'O', 'O', 'O', 'O', 'O', 'O', 'B-MOUNTAIN', 'O', 'O', 'O', 'O', 'O']"
Here are the sentences in English about the mountains:,"['Here', 'are', 'the', 'sentences', 'in', 'English', 'about', 'the', 'mountains:']","['O', 'O', 'O', 'O', 'O', 'O', 'O', 'O', 'O']"
"Pizzo Carbonara, with a height of 6493 feet, is located in the Province of Palermo, Sicily.  ","['Pizzo', 'Carbonara,', 'with', 'a', 'height', 'of', '6493', 'feet,', 'is', 'located', 'in', 'the', 'Province', 'of', 'Palermo,', 'Sicily.']","['B-MOUNTAIN', 'I-MOUNTAIN', 'O', 'O', 'O', 'O', 'O', 'O', 'O', 'O', 'O', 'O', 'O', 'O', 'O', 'O']"
"Topo de Coroa, which stands at 6493 feet, is situated in Cape Verde.  ","['Topo', 'de', 'Coroa,', 'which', 'stands', 'at', '6493', 'feet,', 'is', 'situated', 'in', 'Cape', 'Verde.']","['B-MOUNTAIN', 'I-MOUNTAIN', 'I-MOUNTAIN', 'O', 'O', 'O', 'O', 'O', 'O', 'O', 'O', 'O', 'O']"
"Mount Tongariro, with an elevation of 6490 feet, is found in New Zealand.  ","['Mount', 'Tongariro,', 'with', 'an', 'elevation', 'of', '6490', 'feet,', 'is', 'found', 'in', 'New', 'Zealand.']","['B-MOUNTAIN', 'I-MOUNTAIN', 'O', 'O', 'O', 'O', 'O', 'O', 'O', 'O', 'O', 'O', 'O']"
"Iceberg Peak, rising to 6486 feet, is located on Vancouver Island, British Columbia, Canada.  ","['Iceberg', 'Peak,', 'rising', 'to', '6486', 'feet,', 'is', 'located', 'on', 'Vancouver', 'Island,', 'British', 'Columbia,', 'Canada.']","['B-MOUNTAIN', 'I-MOUNTAIN', 'O', 'O', 'O', 'O', 'O', 'O', 'O', 'O', 'O', 'O', 'O', 'O']"
"Pico Turquino, the highest point in Cuba, reaches a height of 6480 feet.  ","['Pico', 'Turquino,', 'the', 'highest', 'point', 'in', 'Cuba,', 'reaches', 'a', 'height', 'of', '6480', 'feet.']","['B-MOUNTAIN', 'I-MOUNTAIN', 'O', 'O', 'O', 'O', 'O', 'O', 'O', 'O', 'O', 'O', 'O']"
"El Piveto Mountain, with an elevation of 6460 feet, is also on Vancouver Island, British Columbia, Canada.  ","['El', 'Piveto', 'Mountain,', 'with', 'an', 'elevation', 'of', '6460', 'feet,', 'is', 'also', 'on', 'Vancouver', 'Island,', 'British', 'Columbia,', 'Canada.']","['B-MOUNTAIN', 'I-MOUNTAIN', 'I-MOUNTAIN', 'O', 'O', 'O', 'O', 'O', 'O', 'O', 'O', 'O', 'O', 'O', 'O', 'O', 'O']"
"Qiajivik Mountain, standing at 6440 feet, is located on Baffin Island, Nunavut, Canada.  ","['Qiajivik', 'Mountain,', 'standing', 'at', '6440', 'feet,', 'is', 'located', 'on', 'Baffin', 'Island,', 'Nunavut,', 'Canada.']","['B-MOUNTAIN', 'I-MOUNTAIN', 'O', 'O', 'O', 'O', 'O', 'O', 'O', 'O', 'O', 'O', 'O']"
"Monte Tamaro, with a height of 6437 feet, is found in Ticino, Switzerland.  ","['Monte', 'Tamaro,', 'with', 'a', 'height', 'of', '6437', 'feet,', 'is', 'found', 'in', 'Ticino,', 'Switzerland.']","['B-MOUNTAIN', 'I-MOUNTAIN', 'O', 'O', 'O', 'O', 'O', 'O', 'O', 'O', 'O', 'O', 'O']"
"Farcau Peak, which reaches 6417 feet, is located in Romania.  ","['Farcau', 'Peak,', 'which', 'reaches', '6417', 'feet,', 'is', 'located', 'in', 'Romania.']","['B-MOUNTAIN', 'I-MOUNTAIN', 'O', 'O', 'O', 'O', 'O', 'O', 'O', 'O']"
"Montalto (Aspromonte), at 6414 feet, is situated in Calabria, Italy.  ","['Montalto', '(Aspromonte),', 'at', '6414', 'feet,', 'is', 'situated', 'in', 'Calabria,', 'Italy.']","['B-MOUNTAIN', 'I-MOUNTAIN', 'O', 'O', 'O', 'O', 'O', 'O', 'O', 'O']"
"Ciucas Peak, standing at 6411 feet, is found in Romania.  ","['Ciucas', 'Peak,', 'standing', 'at', '6411', 'feet,', 'is', 'found', 'in', 'Romania.']","['B-MOUNTAIN', 'I-MOUNTAIN', 'O', 'O', 'O', 'O', 'O', 'O', 'O', 'O']"
"Chionistra, which rises to 6404 feet, is located in Cyprus.  ","['Chionistra,', 'which', 'rises', 'to', '6404', 'feet,', 'is', 'located', 'in', 'Cyprus.']","['B-MOUNTAIN', 'O', 'O', 'O', 'O', 'O', 'O', 'O', 'O', 'O']"
"Hallasan, with an elevation of 6398 feet, is the highest mountain in South Korea, located on Jejudo.  ","['Hallasan,', 'with', 'an', 'elevation', 'of', '6398', 'feet,', 'is', 'the', 'highest', 'mountain', 'in', 'South', 'Korea,', 'located', 'on', 'Jejudo.']","['B-MOUNTAIN', 'O', 'O', 'O', 'O', 'O', 'O', 'O', 'O', 'O', 'O', 'O', 'O', 'O', 'O', 'O', 'O']"
"Jabal Bil Ays, with a height of 6345 feet, is situated in Oman.  ","['Jabal', 'Bil', 'Ays,', 'with', 'a', 'height', 'of', '6345', 'feet,', 'is', 'situated', 'in', 'Oman.']","['B-MOUNTAIN', 'I-MOUNTAIN', 'I-MOUNTAIN', 'O', 'O', 'O', 'O', 'O', 'O', 'O', 'O', 'O', 'O']"
"Mullayanagiri, standing at 6332 feet, is located in Chikmagalur, Karnataka, India.  ","['Mullayanagiri,', 'standing', 'at', '6332', 'feet,', 'is', 'located', 'in', 'Chikmagalur,', 'Karnataka,', 'India.']","['B-MOUNTAIN', 'O', 'O', 'O', 'O', 'O', 'O', 'O', 'O', 'O', 'O']"
"Helvetia Tinde, with an elevation of 6329 feet, is the highest peak in Peary Land, Northern Greenland.  ","['Helvetia', 'Tinde,', 'with', 'an', 'elevation', 'of', '6329', 'feet,', 'is', 'the', 'highest', 'peak', 'in', 'Peary', 'Land,', 'Northern', 'Greenland.']","['B-MOUNTAIN', 'I-MOUNTAIN', 'O', 'O', 'O', 'O', 'O', 'O', 'O', 'O', 'O', 'O', 'O', 'O', 'O', 'O', 'B-MOUNTAIN']"
"Botte Donato, which reaches 6325 feet, is located in the Sila Mountains, Calabria, Italy.  ","['Botte', 'Donato,', 'which', 'reaches', '6325', 'feet,', 'is', 'located', 'in', 'the', 'Sila', 'Mountains,', 'Calabria,', 'Italy.']","['B-MOUNTAIN', 'I-MOUNTAIN', 'O', 'O', 'O', 'O', 'O', 'O', 'O', 'O', 'O', 'O', 'O', 'O']"
"Mount Kirigamine, at 6316 feet, is found in Japan.  ","['Mount', 'Kirigamine,', 'at', '6316', 'feet,', 'is', 'found', 'in', 'Japan.']","['B-MOUNTAIN', 'I-MOUNTAIN', 'O', 'O', 'O', 'O', 'O', 'O', 'O']"
"Mount Washington, with a height of 6289 feet, is the highest in the American Northeast, located in the Presidential Range, White Mountains, US.  ","['Mount', 'Washington,', 'with', 'a', 'height', 'of', '6289', 'feet,', 'is', 'the', 'highest', 'in', 'the', 'American', 'Northeast,', 'located', 'in', 'the', 'Presidential', 'Range,', 'White', 'Mountains,', 'US.']","['B-MOUNTAIN', 'I-MOUNTAIN', 'O', 'O', 'O', 'O', 'O', 'O', 'O', 'O', 'O', 'O', 'O', 'O', 'O', 'O', 'O', 'O', 'O', 'O', 'O', 'O', 'O']"
"Mount Siku, standing at 6283 feet, is located in Pahang, Malaysia.  ","['Mount', 'Siku,', 'standing', 'at', '6283', 'feet,', 'is', 'located', 'in', 'Pahang,', 'Malaysia.']","['B-MOUNTAIN', 'I-MOUNTAIN', 'O', 'O', 'O', 'O', 'O', 'O', 'O', 'O', 'O']"
"Mount Jiri, also with a height of 6283 feet, is situated in South Korea.  ","['Mount', 'Jiri,', 'also', 'with', 'a', 'height', 'of', '6283', 'feet,', 'is', 'situated', 'in', 'South', 'Korea.']","['B-MOUNTAIN', 'I-MOUNTAIN', 'O', 'O', 'O', 'O', 'O', 'O', 'O', 'O', 'O', 'O', 'O', 'O']"
"Troglav, which reaches 6276 feet, is the highest peak of the Dinara mountain range in Bosnia and Herzegovina.  ","['Troglav,', 'which', 'reaches', '6276', 'feet,', 'is', 'the', 'highest', 'peak', 'of', 'the', 'Dinara', 'mountain', 'range', 'in', 'Bosnia', 'and', 'Herzegovina.']","['B-MOUNTAIN', 'O', 'O', 'O', 'O', 'O', 'O', 'O', 'O', 'O', 'O', 'O', 'O', 'O', 'O', 'O', 'O', 'O']"
"Mont Ventoux, standing at 6263 feet, is located in France.  ","['Mont', 'Ventoux,', 'standing', 'at', '6263', 'feet,', 'is', 'located', 'in', 'France.']","['B-MOUNTAIN', 'I-MOUNTAIN', 'O', 'O', 'O', 'O', 'O', 'O', 'O', 'O']"
"Ocolasu Mare, with an elevation of 6257 feet, is found in Romania.  ","['Ocolasu', 'Mare,', 'with', 'an', 'elevation', 'of', '6257', 'feet,', 'is', 'found', 'in', 'Romania.']","['B-MOUNTAIN', 'I-MOUNTAIN', 'O', 'O', 'O', 'O', 'O', 'O', 'O', 'O', 'O', 'O']"
"Mount Toaca, reaching 6234 feet, is situated in Romania.  ","['Mount', 'Toaca,', 'reaching', '6234', 'feet,', 'is', 'situated', 'in', 'Romania.']","['B-MOUNTAIN', 'I-MOUNTAIN', 'O', 'O', 'O', 'O', 'O', 'O', 'O']"
"Vesper Peak, at 6220 feet, is located in Washington, US.  ","['Vesper', 'Peak,', 'at', '6220', 'feet,', 'is', 'located', 'in', 'Washington,', 'US.']","['B-MOUNTAIN', 'I-MOUNTAIN', 'O', 'O', 'O', 'O', 'O', 'O', 'O', 'O']"
"Baba Budangiri, which rises to 6217 feet, is found in Chikmagalur, Karnataka, India.  ","['Baba', 'Budangiri,', 'which', 'rises', 'to', '6217', 'feet,', 'is', 'found', 'in', 'Chikmagalur,', 'Karnataka,', 'India.']","['B-MOUNTAIN', 'I-MOUNTAIN', 'O', 'O', 'O', 'O', 'O', 'O', 'O', 'O', 'O', 'O', 'O']"
"Mount Narodnaya, with a height of 6217 feet, is located in the Subpolar Urals, Russia.  ","['Mount', 'Narodnaya,', 'with', 'a', 'height', 'of', '6217', 'feet,', 'is', 'located', 'in', 'the', 'Subpolar', 'Urals,', 'Russia.']","['B-MOUNTAIN', 'I-MOUNTAIN', 'O', 'O', 'O', 'O', 'O', 'O', 'O', 'O', 'O', 'O', 'O', 'O', 'O']"
"Kudremukh, standing at 6214 feet, is also in Chikmagalur, Karnataka, India.  ","['Kudremukh,', 'standing', 'at', '6214', 'feet,', 'is', 'also', 'in', 'Chikmagalur,', 'Karnataka,', 'India.']","['B-MOUNTAIN', 'O', 'O', 'O', 'O', 'O', 'O', 'O', 'O', 'O', 'O']"
"Orjen, which reaches 6214 feet, is situated in Montenegro and Bosnia and Herzegovina.  ","['Orjen,', 'which', 'reaches', '6214', 'feet,', 'is', 'situated', 'in', 'Montenegro', 'and', 'Bosnia', 'and', 'Herzegovina.']","['B-MOUNTAIN', 'O', 'O', 'O', 'O', 'O', 'O', 'O', 'O', 'O', 'O', 'O', 'O']"
"Iskhodnaya, with a height of 6191 feet, is the highest of the Chukotka Mountains in Russia.  ","['Iskhodnaya,', 'with', 'a', 'height', 'of', '6191', 'feet,', 'is', 'the', 'highest', 'of', 'the', 'Chukotka', 'Mountains', 'in', 'Russia.']","['B-MOUNTAIN', 'O', 'O', 'O', 'O', 'O', 'O', 'O', 'O', 'O', 'O', 'O', 'O', 'O', 'O', 'O']"
"Mount George V, standing at 6178 feet, is located on Vancouver Island, British Columbia, Canada.  ","['Mount', 'George', 'V,', 'standing', 'at', '6178', 'feet,', 'is', 'located', 'on', 'Vancouver', 'Island,', 'British', 'Columbia,', 'Canada.']","['B-MOUNTAIN', 'I-MOUNTAIN', 'I-MOUNTAIN', 'O', 'O', 'O', 'O', 'O', 'O', 'O', 'O', 'O', 'O', 'O', 'O']"
"Rugged Mountain, at 6152 feet, is also found on Vancouver Island, British Columbia, Canada.  ","['Rugged', 'Mountain,', 'at', '6152', 'feet,', 'is', 'also', 'found', 'on', 'Vancouver', 'Island,', 'British', 'Columbia,', 'Canada.']","['B-MOUNTAIN', 'I-MOUNTAIN', 'O', 'O', 'O', 'O', 'O', 'O', 'O', 'O', 'O', 'O', 'O', 'O']"
"Agastya Mala, which reaches 6129 feet, is situated in Tamil Nadu/Kerala, India.  ","['Agastya', 'Mala,', 'which', 'reaches', '6129', 'feet,', 'is', 'situated', 'in', 'Tamil', 'Nadu/Kerala,', 'India.']","['B-MOUNTAIN', 'I-MOUNTAIN', 'O', 'O', 'O', 'O', 'O', 'O', 'O', 'O', 'O', 'O']"
"Trident Volcano, standing at 6115 feet, is located in Alaska, US.  ","['Trident', 'Volcano,', 'standing', 'at', '6115', 'feet,', 'is', 'located', 'in', 'Alaska,', 'US.']","['B-MOUNTAIN', 'I-MOUNTAIN', 'O', 'O', 'O', 'O', 'O', 'O', 'O', 'O', 'O']"
"Mount Martin, with a height of 6112 feet, is also found in Alaska, US.  ","['Mount', 'Martin,', 'with', 'a', 'height', 'of', '6112', 'feet,', 'is', 'also', 'found', 'in', 'Alaska,', 'US.']","['B-MOUNTAIN', 'I-MOUNTAIN', 'O', 'O', 'O', 'O', 'O', 'O', 'O', 'O', 'O', 'O', 'O', 'O']"
"Knuckles, rising to 6109 feet, is located in Sri Lanka.  ","['Knuckles,', 'rising', 'to', '6109', 'feet,', 'is', 'located', 'in', 'Sri', 'Lanka.']","['B-MOUNTAIN', 'O', 'O', 'O', 'O', 'O', 'O', 'O', 'O', 'O']"
"Pico Ruivo, with an elevation of 6106 feet, is found in Madeira, Portugal.  ","['Pico', 'Ruivo,', 'with', 'an', 'elevation', 'of', '6106', 'feet,', 'is', 'found', 'in', 'Madeira,', 'Portugal.']","['B-MOUNTAIN', 'I-MOUNTAIN', 'O', 'O', 'O', 'O', 'O', 'O', 'O', 'O', 'O', 'O', 'O']"
"Budacu, standing at 6099 feet, is located in Romania.  ","['Budacu,', 'standing', 'at', '6099', 'feet,', 'is', 'located', 'in', 'Romania.']","['B-MOUNTAIN', 'O', 'O', 'O', 'O', 'O', 'O', 'O', 'O']"
"Giumalau, which reaches 6089 feet, is also found in Romania.  ","['Giumalau,', 'which', 'reaches', '6089', 'feet,', 'is', 'also', 'found', 'in', 'Romania.']","['B-MOUNTAIN', 'O', 'O', 'O', 'O', 'O', 'O', 'O', 'O', 'O']"
"Pico das Torres, at 6079 feet, is situated in Madeira, Portugal.  ","['Pico', 'das', 'Torres,', 'at', '6079', 'feet,', 'is', 'situated', 'in', 'Madeira,', 'Portugal.']","['B-MOUNTAIN', 'I-MOUNTAIN', 'I-MOUNTAIN', 'O', 'O', 'O', 'O', 'O', 'O', 'O', 'O']"
"Mont Ross, with a height of 6070 feet, is located in the Gallieni Massif, Kerguelen Islands.  ","['Mont', 'Ross,', 'with', 'a', 'height', 'of', '6070', 'feet,', 'is', 'located', 'in', 'the', 'Gallieni', 'Massif,', 'Kerguelen', 'Islands.']","['B-MOUNTAIN', 'B-MOUNTAIN', 'O', 'O', 'O', 'O', 'O', 'O', 'O', 'O', 'O', 'O', 'O', 'O', 'O', 'O']"
"Cucurbata Mare, standing at 6066 feet, is found in Romania.  ","['Cucurbata', 'Mare,', 'standing', 'at', '6066', 'feet,', 'is', 'found', 'in', 'Romania.']","['B-MOUNTAIN', 'I-MOUNTAIN', 'O', 'O', 'O', 'O', 'O', 'O', 'O', 'O']"
"Monte Soro, with a height of 6060 feet, is located in the Province of Messina, Sicily.  ","['Monte', 'Soro,', 'with', 'a', 'height', 'of', '6060', 'feet,', 'is', 'located', 'in', 'the', 'Province', 'of', 'Messina,', 'Sicily.']","['B-MOUNTAIN', 'I-MOUNTAIN', 'O', 'O', 'O', 'O', 'O', 'O', 'O', 'O', 'O', 'O', 'O', 'O', 'O', 'O']"
"Mount Ulap, at 6056 feet, is found in Itogon, Benguet, Philippines.  ","['Mount', 'Ulap,', 'at', '6056', 'feet,', 'is', 'found', 'in', 'Itogon,', 'Benguet,', 'Philippines.']","['B-MOUNTAIN', 'I-MOUNTAIN', 'O', 'O', 'O', 'O', 'O', 'O', 'O', 'O', 'O']"
"Crown Mountain, which stands at 6056 feet, is located on Vancouver Island, British Columbia, Canada.  ","['Crown', 'Mountain,', 'which', 'stands', 'at', '6056', 'feet,', 'is', 'located', 'on', 'Vancouver', 'Island,', 'British', 'Columbia,', 'Canada.']","['B-MOUNTAIN', 'I-MOUNTAIN', 'O', 'O', 'O', 'O', 'O', 'O', 'O', 'O', 'O', 'O', 'O', 'O', 'O']"
"Tibles, rising to 6033 feet, is found in Romania.  ","['Tibles,', 'rising', 'to', '6033', 'feet,', 'is', 'found', 'in', 'Romania.']","['B-MOUNTAIN', 'O', 'O', 'O', 'O', 'O', 'O', 'O', 'O']"
"Loser, with a height of 6030 feet, is located in Austria.  ","['Loser,', 'with', 'a', 'height', 'of', '6030', 'feet,', 'is', 'located', 'in', 'Austria.']","['B-MOUNTAIN', 'O', 'O', 'O', 'O', 'O', 'O', 'O', 'O', 'O', 'O']"
"Vladeasa, standing at 6024 feet, is found in Romania.  ","['Vladeasa,', 'standing', 'at', '6024', 'feet,', 'is', 'found', 'in', 'Romania.']","['B-MOUNTAIN', 'O', 'O', 'O', 'O', 'O', 'O', 'O', 'O']"
"Punta La Marmora, with a height of 6017 feet, is located in Sardinia.  ","['Punta', 'La', 'Marmora,', 'with', 'a', 'height', 'of', '6017', 'feet,', 'is', 'located', 'in', 'Sardinia.']","['B-MOUNTAIN', 'I-MOUNTAIN', 'I-MOUNTAIN', 'O', 'O', 'O', 'O', 'O', 'O', 'O', 'O', 'O', 'O']"
"Sinjal, which reaches 6007 feet, is the highest peak of Dinara in Croatia.  ","['Sinjal,', 'which', 'reaches', '6007', 'feet,', 'is', 'the', 'highest', 'peak', 'of', 'Dinara', 'in', 'Croatia.']","['B-MOUNTAIN', 'O', 'O', 'O', 'O', 'O', 'O', 'O', 'O', 'O', 'O', 'O', 'O']"
"Cerro La Campana, at 5997 feet, is situated in Olmue, Chile.  ","['Cerro', 'La', 'Campana,', 'at', '5997', 'feet,', 'is', 'situated', 'in', 'Olmue,', 'Chile.']","['B-MOUNTAIN', 'I-MOUNTAIN', 'I-MOUNTAIN', 'O', 'O', 'O', 'O', 'O', 'O', 'O', 'O']"
"Gora Nevskaya, standing at 5997 feet, is the highest of the Kolyma Mountains in Magadan Oblast, Russia.  ","['Gora', 'Nevskaya,', 'standing', 'at', '5997', 'feet,', 'is', 'the', 'highest', 'of', 'the', 'Kolyma', 'Mountains', 'in', 'Magadan', 'Oblast,', 'Russia.']","['B-MOUNTAIN', 'I-MOUNTAIN', 'O', 'O', 'O', 'O', 'O', 'O', 'O', 'O', 'O', 'O', 'O', 'O', 'O', 'O', 'O']"
"Muntele Mare, with a height of 5991 feet, is found in Romania.  ","['Muntele', 'Mare,', 'with', 'a', 'height', 'of', '5991', 'feet,', 'is', 'found', 'in', 'Romania.']","['B-MOUNTAIN', 'I-MOUNTAIN', 'O', 'O', 'O', 'O', 'O', 'O', 'O', 'O', 'O', 'O']"
"Cerro de la Silla, standing at 5971 feet, is located in Mexico.  ","['Cerro', 'de', 'la', 'Silla,', 'standing', 'at', '5971', 'feet,', 'is', 'located', 'in', 'Mexico.']","['B-MOUNTAIN', 'I-MOUNTAIN', 'I-MOUNTAIN', 'I-MOUNTAIN', 'O', 'O', 'O', 'O', 'O', 'O', 'O', 'O']"
"Pico do Arieiro, which reaches 5965 feet, is situated in Madeira, Portugal.  ","['Pico', 'do', 'Arieiro,', 'which', 'reaches', '5965', 'feet,', 'is', 'situated', 'in', 'Madeira,', 'Portugal.']","['B-MOUNTAIN', 'I-MOUNTAIN', 'I-MOUNTAIN', 'O', 'O', 'O', 'O', 'O', 'O', 'O', 'O', 'O']"
"Biligiriranga Hills, at 5906 feet, is located in Chamarajanagar, Karnataka, India.  ","['Biligiriranga', 'Hills,', 'at', '5906', 'feet,', 'is', 'located', 'in', 'Chamarajanagar,', 'Karnataka,', 'India.']","['B-MOUNTAIN', 'I-MOUNTAIN', 'O', 'O', 'O', 'O', 'O', 'O', 'O', 'O', 'O']"
"Monte Maggiorasca, standing at 5902 feet, is found in Liguria-Emilia-Romagna, Italy.  ","['Monte', 'Maggiorasca,', 'standing', 'at', '5902', 'feet,', 'is', 'found', 'in', 'Liguria-Emilia-Romagna,', 'Italy.']","['B-MOUNTAIN', 'I-MOUNTAIN', 'O', 'O', 'O', 'O', 'O', 'O', 'O', 'O', 'O']"
"Rigi, with a height of 5896 feet, is situated in the Swiss Alps.  ","['Rigi,', 'with', 'a', 'height', 'of', '5896', 'feet,', 'is', 'situated', 'in', 'the', 'Swiss', 'Alps.']","['B-MOUNTAIN', 'O', 'O', 'O', 'O', 'O', 'O', 'O', 'O', 'O', 'O', 'O', 'O']"
"Hășmașu Mare, standing at 5879 feet, is found in Romania.  ","['Hășmașu', 'Mare,', 'standing', 'at', '5879', 'feet,', 'is', 'found', 'in', 'Romania.']","['B-MOUNTAIN', 'I-MOUNTAIN', 'O', 'O', 'O', 'O', 'O', 'O', 'O', 'O']"
"Pietrosu Peak, which reaches 5876 feet, is located in Romania.  ","['Pietrosu', 'Peak,', 'which', 'reaches', '5876', 'feet,', 'is', 'located', 'in', 'Romania.']","['B-MOUNTAIN', 'I-MOUNTAIN', 'O', 'O', 'O', 'O', 'O', 'O', 'O', 'O']"
"Goru, at 5853 feet, is situated in Romania.  ","['Goru,', 'at', '5853', 'feet,', 'is', 'situated', 'in', 'Romania.']","['B-MOUNTAIN', 'O', 'O', 'O', 'O', 'O', 'O', 'O']"
"Blokhin Peak, with a height of 5837 feet, is the highest in the Anyuy Range, Chukotka, Russian Federation.  ","['Blokhin', 'Peak,', 'with', 'a', 'height', 'of', '5837', 'feet,', 'is', 'the', 'highest', 'in', 'the', 'Anyuy', 'Range,', 'Chukotka,', 'Russian', 'Federation.']","['B-MOUNTAIN', 'I-MOUNTAIN', 'O', 'O', 'O', 'O', 'O', 'O', 'O', 'O', 'O', 'O', 'O', 'O', 'O', 'O', 'O', 'O']"
"Velliangiri Mountains, standing at 5833 feet, is located in Coimbatore, Tamil Nadu, India.  ","['Velliangiri', 'Mountains,', 'standing', 'at', '5833', 'feet,', 'is', 'located', 'in', 'Coimbatore,', 'Tamil', 'Nadu,', 'India.']","['B-MOUNTAIN', 'I-MOUNTAIN', 'O', 'O', 'O', 'O', 'O', 'O', 'O', 'O', 'O', 'O', 'O']"
"Lacaut, which reaches 5830 feet, is found in Romania.  ","['Lacaut,', 'which', 'reaches', '5830', 'feet,', 'is', 'found', 'in', 'Romania.']","['B-MOUNTAIN', 'O', 'O', 'O', 'O', 'O', 'O', 'O', 'O']"
"Saca Peak, standing at 5827 feet, is located in Romania.  ","['Saca', 'Peak,', 'standing', 'at', '5827', 'feet,', 'is', 'located', 'in', 'Romania.']","['B-MOUNTAIN', 'I-MOUNTAIN', 'O', 'O', 'O', 'O', 'O', 'O', 'O', 'O']"
"Penteleu, with an elevation of 5814 feet, is found in Romania.  ","['Penteleu,', 'with', 'an', 'elevation', 'of', '5814', 'feet,', 'is', 'found', 'in', 'Romania.']","['B-MOUNTAIN', 'O', 'O', 'O', 'O', 'O', 'O', 'O', 'O', 'O', 'O']"
"Mount Veve, rising to 5801 feet, is located on Kolombangara, Solomon Islands.  ","['Mount', 'Veve,', 'rising', 'to', '5801', 'feet,', 'is', 'located', 'on', 'Kolombangara,', 'Solomon', 'Islands.']","['B-MOUNTAIN', 'I-MOUNTAIN', 'O', 'O', 'O', 'O', 'O', 'O', 'O', 'O', 'O', 'O']"
"Mount Adams, with a height of 5794 feet, is situated in New Hampshire, US.  ","['Mount', 'Adams,', 'with', 'a', 'height', 'of', '5794', 'feet,', 'is', 'situated', 'in', 'New', 'Hampshire,', 'US.']","['B-MOUNTAIN', 'I-MOUNTAIN', 'O', 'O', 'O', 'O', 'O', 'O', 'O', 'O', 'O', 'O', 'O', 'O']"
"Monte Gariglione, which reaches 5787 feet, is found in the Sila Mountains, Calabria, Italy.  ","['Monte', 'Gariglione,', 'which', 'reaches', '5787', 'feet,', 'is', 'found', 'in', 'the', 'Sila', 'Mountains,', 'Calabria,', 'Italy.']","['B-MOUNTAIN', 'I-MOUNTAIN', 'O', 'O', 'O', 'O', 'O', 'O', 'O', 'O', 'O', 'O', 'O', 'O']"
"Sveti Jure (Saint George), standing at 5781 feet, is located in the Biokovo Mountains, Croatia.  ","['Sveti', 'Jure', '(Saint', 'George),', 'standing', 'at', '5781', 'feet,', 'is', 'located', 'in', 'the', 'Biokovo', 'Mountains,', 'Croatia.']","['B-MOUNTAIN', 'I-MOUNTAIN', 'I-MOUNTAIN', 'I-MOUNTAIN', 'O', 'O', 'O', 'O', 'O', 'O', 'O', 'O', 'O', 'O', 'O']"
"Pik Sovetskoy Gvardii, at 5771 feet, is situated in Chukotka, Russian Federation.  ","['Pik', 'Sovetskoy', 'Gvardii,', 'at', '5771', 'feet,', 'is', 'situated', 'in', 'Chukotka,', 'Russian', 'Federation.']","['B-MOUNTAIN', 'I-MOUNTAIN', 'I-MOUNTAIN', 'O', 'O', 'O', 'O', 'O', 'O', 'O', 'O', 'O']"
"Vaganski vrh, with a height of 5764 feet, is the highest peak in the Velebit Mountains, Croatia.  ","['Vaganski', 'vrh,', 'with', 'a', 'height', 'of', '5764', 'feet,', 'is', 'the', 'highest', 'peak', 'in', 'the', 'Velebit', 'Mountains,', 'Croatia.']","['B-MOUNTAIN', 'I-MOUNTAIN', 'O', 'O', 'O', 'O', 'O', 'O', 'O', 'O', 'O', 'O', 'O', 'O', 'O', 'O', 'O']"
"Mount Api, standing at 5741 feet, is located in Gunung Mulu National Park, Sarawak, Malaysia.  ","['Mount', 'Api,', 'standing', 'at', '5741', 'feet,', 'is', 'located', 'in', 'Gunung', 'Mulu', 'National', 'Park,', 'Sarawak,', 'Malaysia.']","['B-MOUNTAIN', 'I-MOUNTAIN', 'O', 'O', 'O', 'O', 'O', 'O', 'O', 'O', 'O', 'O', 'O', 'O', 'O']"
"Lovćen, at 5738 feet, is found in Montenegro.  ","['Lovćen,', 'at', '5738', 'feet,', 'is', 'found', 'in', 'Montenegro.']","['B-MOUNTAIN', 'O', 'O', 'O', 'O', 'O', 'O', 'O']"
"Tadiandamol, which reaches 5735 feet, is located in Kodagu, Karnataka, India.  ","['Tadiandamol,', 'which', 'reaches', '5735', 'feet,', 'is', 'located', 'in', 'Kodagu,', 'Karnataka,', 'India.']","['B-MOUNTAIN', 'O', 'O', 'O', 'O', 'O', 'O', 'O', 'O', 'O', 'O']"
"Mount Rogers, standing at 5728 feet, is the highest point in Virginia, US.  ","['Mount', 'Rogers,', 'standing', 'at', '5728', 'feet,', 'is', 'the', 'highest', 'point', 'in', 'Virginia,', 'US.']","['B-MOUNTAIN', 'I-MOUNTAIN', 'O', 'O', 'O', 'O', 'O', 'O', 'O', 'O', 'O', 'O', 'O']"
"Doi Phi Pan Nam, with a height of 5725 feet, is situated in the Luang Prabang Range, Thailand.  ","['Doi', 'Phi', 'Pan', 'Nam,', 'with', 'a', 'height', 'of', '5725', 'feet,', 'is', 'situated', 'in', 'the', 'Luang', 'Prabang', 'Range,', 'Thailand.']","['B-MOUNTAIN', 'I-MOUNTAIN', 'I-MOUNTAIN', 'I-MOUNTAIN', 'O', 'O', 'O', 'O', 'O', 'O', 'O', 'O', 'O', 'O', 'O', 'O', 'O', 'O']"
"Mount Wilson, standing at 5715 feet, is located in California, US.  ","['Mount', 'Wilson,', 'standing', 'at', '5715', 'feet,', 'is', 'located', 'in', 'California,', 'US.']","['B-MOUNTAIN', 'I-MOUNTAIN', 'O', 'O', 'O', 'O', 'O', 'O', 'O', 'O', 'O']"
"Mount Jefferson, which reaches 5712 feet, is found in New Hampshire, US.  ","['Mount', 'Jefferson,', 'which', 'reaches', '5712', 'feet,', 'is', 'found', 'in', 'New', 'Hampshire,', 'US.']","['B-MOUNTAIN', 'I-MOUNTAIN', 'O', 'O', 'O', 'O', 'O', 'O', 'O', 'O', 'O', 'O']"
"Monte Amiata, at 5702 feet, is situated in the Province of Grosseto, Italy.  ","['Monte', 'Amiata,', 'at', '5702', 'feet,', 'is', 'situated', 'in', 'the', 'Province', 'of', 'Grosseto,', 'Italy.']","['B-MOUNTAIN', 'I-MOUNTAIN', 'O', 'O', 'O', 'O', 'O', 'O', 'O', 'O', 'O', 'O', 'O']"
"Daisen, with a height of 5673 feet, is located in Japan.  ","['Daisen,', 'with', 'a', 'height', 'of', '5673', 'feet,', 'is', 'located', 'in', 'Japan.']","['B-MOUNTAIN', 'O', 'O', 'O', 'O', 'O', 'O', 'O', 'O', 'O', 'O']"
"The Horn (Mount Buffalo), standing at 5653 feet, is found in Victoria, Australia.  ","['The', 'Horn', '(Mount', 'Buffalo),', 'standing', 'at', '5653', 'feet,', 'is', 'found', 'in', 'Victoria,', 'Australia.']","['B-MOUNTAIN', 'I-MOUNTAIN', 'I-MOUNTAIN', 'I-MOUNTAIN', 'O', 'O', 'O', 'O', 'O', 'O', 'O', 'O', 'O']"
"Mount Batur, with a height of 5633 feet, is located in Bali, Indonesia.  ","['Mount', 'Batur,', 'with', 'a', 'height', 'of', '5633', 'feet,', 'is', 'located', 'in', 'Bali,', 'Indonesia.']","['B-MOUNTAIN', 'I-MOUNTAIN', 'O', 'O', 'O', 'O', 'O', 'O', 'O', 'O', 'O', 'O', 'O']"
"Kumara Parvata, which rises to 5617 feet, is situated in Dakshina Kannada, Karnataka, India.  ","['Kumara', 'Parvata,', 'which', 'rises', 'to', '5617', 'feet,', 'is', 'situated', 'in', 'Dakshina', 'Kannada,', 'Karnataka,', 'India.']","['B-MOUNTAIN', 'I-MOUNTAIN', 'O', 'O', 'O', 'O', 'O', 'O', 'O', 'O', 'O', 'O', 'O', 'O']"
"Pushpagiri, also standing at 5617 feet, is located in Pushpagiri Wildlife Sanctuary, Karnataka, India.  ","['Pushpagiri,', 'also', 'standing', 'at', '5617', 'feet,', 'is', 'located', 'in', 'Pushpagiri', 'Wildlife', 'Sanctuary,', 'Karnataka,', 'India.']","['B-MOUNTAIN', 'O', 'O', 'O', 'O', 'O', 'O', 'O', 'O', 'O', 'O', 'O', 'O', 'O']"
"Mount Lowe, with a height of 5600 feet, is found in the San Gabriel Mountains, California, US.  ","['Mount', 'Lowe,', 'with', 'a', 'height', 'of', '5600', 'feet,', 'is', 'found', 'in', 'the', 'San', 'Gabriel', 'Mountains,', 'California,', 'US.']","['B-MOUNTAIN', 'I-MOUNTAIN', 'O', 'O', 'O', 'O', 'O', 'O', 'O', 'O', 'O', 'O', 'O', 'O', 'O', 'O', 'O']"
"Boulder Peak, which reaches 5600 feet, is located in the Olympic Mountains, Washington, US.  ","['Boulder', 'Peak,', 'which', 'reaches', '5600', 'feet,', 'is', 'located', 'in', 'the', 'Olympic', 'Mountains,', 'Washington,', 'US.']","['B-MOUNTAIN', 'I-MOUNTAIN', 'O', 'O', 'O', 'O', 'O', 'O', 'O', 'O', 'O', 'O', 'O', 'O']"
"Doi Luang, standing at 5558 feet, is the highest in the Phi Pan","['Doi', 'Luang,', 'standing', 'at', '5558', 'feet,', 'is', 'the', 'highest', 'in', 'the', 'Phi', 'Pan']","['B-MOUNTAIN', 'I-MOUNTAIN', 'O', 'O', 'O', 'O', 'O', 'O', 'O', 'O', 'O', 'O', 'O']"
"The highest point in Saint Lucia is Mount Gimie, which reaches an elevation of 950 meters.  ","['The', 'highest', 'point', 'in', 'Saint', 'Lucia', 'is', 'Mount', 'Gimie,', 'which', 'reaches', 'an', 'elevation', 'of', '950', 'meters.']","['O', 'O', 'O', 'O', 'O', 'O', 'O', 'B-MOUNTAIN', 'I-MOUNTAIN', 'O', 'O', 'O', 'O', 'O', 'O', 'O']"
"In Trinidad and Tobago, El Cerro del Aripo stands as the highest peak at 940 meters.  ","['In', 'Trinidad', 'and', 'Tobago,', 'El', 'Cerro', 'del', 'Aripo', 'stands', 'as', 'the', 'highest', 'peak', 'at', '940', 'meters.']","['O', 'O', 'O', 'O', 'B-MOUNTAIN', 'I-MOUNTAIN', 'I-MOUNTAIN', 'I-MOUNTAIN', 'O', 'O', 'O', 'O', 'O', 'O', 'O', 'O']"
"Another notable mountain in Trinidad and Tobago is El Tucuche, with a height of 936 meters.  ","['Another', 'notable', 'mountain', 'in', 'Trinidad', 'and', 'Tobago', 'is', 'El', 'Tucuche,', 'with', 'a', 'height', 'of', '936', 'meters.']","['O', 'O', 'O', 'O', 'O', 'O', 'O', 'O', 'B-MOUNTAIN', 'I-MOUNTAIN', 'O', 'O', 'O', 'O', 'O', 'O']"
"Rising to 934 meters, Lantau Peak is one of the prominent mountains in Hong Kong.  ","['Rising', 'to', '934', 'meters,', 'Lantau', 'Peak', 'is', 'one', 'of', 'the', 'prominent', 'mountains', 'in', 'Hong', 'Kong.']","['O', 'O', 'O', 'O', 'B-MOUNTAIN', 'I-MOUNTAIN', 'O', 'O', 'O', 'O', 'O', 'O', 'O', 'O', 'O']"
"Betlingchhip, the highest point in Tripura, India, reaches 930 meters.  ","['Betlingchhip,', 'the', 'highest', 'point', 'in', 'Tripura,', 'India,', 'reaches', '930', 'meters.']","['B-MOUNTAIN', 'O', 'O', 'O', 'O', 'O', 'O', 'O', 'O', 'O']"
"The Kaimondake volcano, located in Kagoshima, Japan, has an elevation of 924 meters.  ","['The', 'Kaimondake', 'volcano,', 'located', 'in', 'Kagoshima,', 'Japan,', 'has', 'an', 'elevation', 'of', '924', 'meters.']","['O', 'B-MOUNTAIN', 'I-MOUNTAIN', 'O', 'O', 'O', 'O', 'O', 'O', 'O', 'O', 'O', 'O']"
"In Ticino, Switzerland, San Salvatore boasts a height of 912 meters.  ","['In', 'Ticino,', 'Switzerland,', 'San', 'Salvatore', 'boasts', 'a', 'height', 'of', '912', 'meters.']","['O', 'O', 'O', 'B-MOUNTAIN', 'I-MOUNTAIN', 'O', 'O', 'O', 'O', 'O', 'O']"
"On the island of Corfu, Greece, Pantokrator reaches 906 meters.  ","['On', 'the', 'island', 'of', 'Corfu,', 'Greece,', 'Pantokrator', 'reaches', '906', 'meters.']","['O', 'O', 'O', 'O', 'O', 'O', 'B-MOUNTAIN', 'O', 'O', 'O']"
"Edinburgh Peak, situated on Tristan da Cunha in the UK, stands at 904 meters.  ","['Edinburgh', 'Peak,', 'situated', 'on', 'Tristan', 'da', 'Cunha', 'in', 'the', 'UK,', 'stands', 'at', '904', 'meters.']","['B-MOUNTAIN', 'I-MOUNTAIN', 'O', 'O', 'O', 'O', 'O', 'O', 'O', 'O', 'O', 'O', 'O', 'O']"
"Cadair Idris, a well-known mountain in Wales, has an elevation of 893 meters.  ","['Cadair', 'Idris,', 'a', 'well-known', 'mountain', 'in', 'Wales,', 'has', 'an', 'elevation', 'of', '893', 'meters.']","['B-MOUNTAIN', 'I-MOUNTAIN', 'O', 'O', 'O', 'O', 'O', 'O', 'O', 'O', 'O', 'O', 'O']"
"Pen y Fan, also in Wales, reaches 886 meters in height.  ","['Pen', 'y', 'Fan,', 'also', 'in', 'Wales,', 'reaches', '886', 'meters', 'in', 'height.']","['B-MOUNTAIN', 'I-MOUNTAIN', 'I-MOUNTAIN', 'O', 'O', 'O', 'O', 'O', 'O', 'O', 'O']"
"Baekunsan in Ulsan, South Korea, has an elevation of 885 meters.  ","['Baekunsan', 'in', 'Ulsan,', 'South', 'Korea,', 'has', 'an', 'elevation', 'of', '885', 'meters.']","['B-MOUNTAIN', 'O', 'O', 'O', 'O', 'O', 'O', 'O', 'O', 'O', 'O']"
Mount Gerizim in the West Bank reaches 881 meters.  ,"['Mount', 'Gerizim', 'in', 'the', 'West', 'Bank', 'reaches', '881', 'meters.']","['B-MOUNTAIN', 'I-MOUNTAIN', 'O', 'O', 'O', 'O', 'O', 'O', 'O']"
"Sunset Peak, located in Hong Kong, stands at 869 meters.  ","['Sunset', 'Peak,', 'located', 'in', 'Hong', 'Kong,', 'stands', 'at', '869', 'meters.']","['B-MOUNTAIN', 'I-MOUNTAIN', 'O', 'O', 'O', 'O', 'O', 'O', 'O', 'O']"
"In the Thane District of Maharashtra, India, Mahuli rises to 858 meters.  ","['In', 'the', 'Thane', 'District', 'of', 'Maharashtra,', 'India,', 'Mahuli', 'rises', 'to', '858', 'meters.']","['O', 'O', 'O', 'O', 'O', 'O', 'O', 'B-MOUNTAIN', 'O', 'O', 'O', 'O']"
"Mount Taylor, which can be found in Canberra, Australia, has an elevation of 856 meters.  ","['Mount', 'Taylor,', 'which', 'can', 'be', 'found', 'in', 'Canberra,', 'Australia,', 'has', 'an', 'elevation', 'of', '856', 'meters.']","['B-MOUNTAIN', 'I-MOUNTAIN', 'O', 'O', 'O', 'O', 'O', 'O', 'O', 'O', 'O', 'O', 'O', 'O', 'O']"
"The Mourne Mountains in County Down, Northern Ireland, are home to Slieve Donard, which reaches 856 meters.  ","['The', 'Mourne', 'Mountains', 'in', 'County', 'Down,', 'Northern', 'Ireland,', 'are', 'home', 'to', 'Slieve', 'Donard,', 'which', 'reaches', '856', 'meters.']","['O', 'O', 'O', 'O', 'O', 'O', 'O', 'O', 'O', 'O', 'O', 'B-MOUNTAIN', 'I-MOUNTAIN', 'O', 'O', 'O', 'O']"
"Tinakula, situated in the Solomon Islands, stands at 851 meters.  ","['Tinakula,', 'situated', 'in', 'the', 'Solomon', 'Islands,', 'stands', 'at', '851', 'meters.']","['B-MOUNTAIN', 'O', 'O', 'O', 'O', 'O', 'O', 'O', 'O', 'O']"
Here are the sentences without numbering:,"['Here', 'are', 'the', 'sentences', 'without', 'numbering:']","['O', 'O', 'O', 'O', 'O', 'O']"
"Les Trois Mamelles is a breathtaking sight in Mauritius, rising to a height of 666 meters.","['Les', 'Trois', 'Mamelles', 'is', 'a', 'breathtaking', 'sight', 'in', 'Mauritius,', 'rising', 'to', 'a', 'height', 'of', '666', 'meters.']","['B-MOUNTAIN', 'I-MOUNTAIN', 'I-MOUNTAIN', 'O', 'O', 'O', 'O', 'O', 'O', 'O', 'O', 'O', 'O', 'O', 'O', 'O']"
"The Steling mountain, located in the High Fens of Belgium, stands at 658 meters, offering stunning views of the surrounding landscape.","['The', 'Steling', 'mountain,', 'located', 'in', 'the', 'High', 'Fens', 'of', 'Belgium,', 'stands', 'at', '658', 'meters,', 'offering', 'stunning', 'views', 'of', 'the', 'surrounding', 'landscape.']","['O', 'B-MOUNTAIN', 'O', 'O', 'O', 'O', 'O', 'O', 'O', 'O', 'O', 'O', 'O', 'O', 'O', 'O', 'O', 'O', 'O', 'O', 'O']"
"Maple Mountain in Ontario, Canada, reaches 642 meters and is a popular hiking destination in the area.","['Maple', 'Mountain', 'in', 'Ontario,', 'Canada,', 'reaches', '642', 'meters', 'and', 'is', 'a', 'popular', 'hiking', 'destination', 'in', 'the', 'area.']","['B-MOUNTAIN', 'I-MOUNTAIN', 'O', 'O', 'O', 'O', 'O', 'O', 'O', 'O', 'O', 'O', 'O', 'O', 'O', 'O', 'O']"
"Rising to 638 meters, Mountain Lagrave (Montage Lagrave) in Mauritius is known for its scenic hiking trails.","['Rising', 'to', '638', 'meters,', 'Mountain', 'Lagrave', '(Montage', 'Lagrave)', 'in', 'Mauritius', 'is', 'known', 'for', 'its', 'scenic', 'hiking', 'trails.']","['O', 'O', 'O', 'O', 'O', 'O', 'O', 'O', 'O', 'O', 'O', 'O', 'O', 'O', 'O', 'O', 'O']"
"Kinder Scout, the highest peak in the Peak District of England, towers at 636 meters and is a favorite among outdoor enthusiasts.","['Kinder', 'Scout,', 'the', 'highest', 'peak', 'in', 'the', 'Peak', 'District', 'of', 'England,', 'towers', 'at', '636', 'meters', 'and', 'is', 'a', 'favorite', 'among', 'outdoor', 'enthusiasts.']","['B-MOUNTAIN', 'I-MOUNTAIN', 'O', 'O', 'O', 'O', 'O', 'O', 'O', 'O', 'O', 'O', 'O', 'O', 'O', 'O', 'O', 'O', 'O', 'O', 'O', 'O']"
"The Masaya Volcano in Nicaragua, reaching 635 meters, is an active volcano that attracts many tourists.","['The', 'Masaya', 'Volcano', 'in', 'Nicaragua,', 'reaching', '635', 'meters,', 'is', 'an', 'active', 'volcano', 'that', 'attracts', 'many', 'tourists.']","['O', 'B-MOUNTAIN', 'I-MOUNTAIN', 'O', 'O', 'O', 'O', 'O', 'O', 'O', 'O', 'O', 'O', 'O', 'O', 'O']"
"Calebasses Mountain (Montagne Calebasses) is another beautiful spot in Mauritius, standing at 632 meters. ","['Calebasses', 'Mountain', '(Montagne', 'Calebasses)', 'is', 'another', 'beautiful', 'spot', 'in', 'Mauritius,', 'standing', 'at', '632', 'meters.']","['O', 'O', 'O', 'O', 'O', 'O', 'O', 'O', 'O', 'O', 'O', 'O', 'O', 'O']"
"Mount D'Urville, located in the Auckland Islands of New Zealand, rises to 630 meters and is surrounded by stunning ocean views.","['Mount', ""D'Urville,"", 'located', 'in', 'the', 'Auckland', 'Islands', 'of', 'New', 'Zealand,', 'rises', 'to', '630', 'meters', 'and', 'is', 'surrounded', 'by', 'stunning', 'ocean', 'views.']","['B-MOUNTAIN', 'I-MOUNTAIN', 'O', 'O', 'O', 'O', 'O', 'O', 'O', 'O', 'O', 'O', 'O', 'O', 'O', 'O', 'O', 'O', 'O', 'O', 'O']"
"Moel Eilio in Snowdonia, Wales, reaches a height of 629 meters and offers breathtaking vistas of the national park.","['Moel', 'Eilio', 'in', 'Snowdonia,', 'Wales,', 'reaches', 'a', 'height', 'of', '629', 'meters', 'and', 'offers', 'breathtaking', 'vistas', 'of', 'the', 'national', 'park.']","['B-MOUNTAIN', 'I-MOUNTAIN', 'O', 'B-MOUNTAIN', 'O', 'O', 'O', 'O', 'O', 'O', 'O', 'O', 'O', 'O', 'O', 'O', 'O', 'O', 'O']"
"High Willhays is the tallest mountain in Dartmoor, England, standing at 621 meters and providing excellent walking trails.","['High', 'Willhays', 'is', 'the', 'tallest', 'mountain', 'in', 'Dartmoor,', 'England,', 'standing', 'at', '621', 'meters', 'and', 'providing', 'excellent', 'walking', 'trails.']","['B-MOUNTAIN', 'I-MOUNTAIN', 'O', 'O', 'O', 'O', 'O', 'O', 'O', 'O', 'O', 'O', 'O', 'O', 'O', 'O', 'O', 'O']"
"Snaefell, with a height of 621 meters, is the highest peak on the Isle of Man, offering panoramic views of the island.","['Snaefell,', 'with', 'a', 'height', 'of', '621', 'meters,', 'is', 'the', 'highest', 'peak', 'on', 'the', 'Isle', 'of', 'Man,', 'offering', 'panoramic', 'views', 'of', 'the', 'island.']","['B-MOUNTAIN', 'O', 'O', 'O', 'O', 'O', 'O', 'O', 'O', 'O', 'O', 'O', 'O', 'O', 'O', 'O', 'O', 'O', 'O', 'O', 'O', 'O']"
"Beinn Mhòr, located in South Uist, United Kingdom, rises to 620 meters and is a popular hiking destination.","['Beinn', 'Mhòr,', 'located', 'in', 'South', 'Uist,', 'United', 'Kingdom,', 'rises', 'to', '620', 'meters', 'and', 'is', 'a', 'popular', 'hiking', 'destination.']","['B-MOUNTAIN', 'I-MOUNTAIN', 'O', 'O', 'O', 'O', 'O', 'O', 'O', 'O', 'O', 'O', 'O', 'O', 'O', 'O', 'O', 'O']"
Munsusan (Ulsan) in South Korea reaches 600 meters and is a great spot for those looking to enjoy nature.,"['Munsusan', '(Ulsan)', 'in', 'South', 'Korea', 'reaches', '600', 'meters', 'and', 'is', 'a', 'great', 'spot', 'for', 'those', 'looking', 'to', 'enjoy', 'nature.']","['B-MOUNTAIN', 'I-MOUNTAIN', 'O', 'O', 'O', 'O', 'O', 'O', 'O', 'O', 'O', 'O', 'O', 'O', 'O', 'O', 'O', 'O', 'O']"
"Mount Takao in Tokyo, Japan, stands at 599 meters and is famous for its scenic hiking paths.","['Mount', 'Takao', 'in', 'Tokyo,', 'Japan,', 'stands', 'at', '599', 'meters', 'and', 'is', 'famous', 'for', 'its', 'scenic', 'hiking', 'paths.']","['B-MOUNTAIN', 'I-MOUNTAIN', 'O', 'O', 'O', 'O', 'O', 'O', 'O', 'O', 'O', 'O', 'O', 'O', 'O', 'O', 'O']"
"Piton de Fouge in Mauritius, reaching 596 meters, is known for its lush greenery and tranquil environment.","['Piton', 'de', 'Fouge', 'in', 'Mauritius,', 'reaching', '596', 'meters,', 'is', 'known', 'for', 'its', 'lush', 'greenery', 'and', 'tranquil', 'environment.']","['B-MOUNTAIN', 'I-MOUNTAIN', 'I-MOUNTAIN', 'O', 'O', 'O', 'O', 'O', 'O', 'O', 'O', 'O', 'O', 'O', 'O', 'O', 'O']"
"Sikjangsan in Daejeon, South Korea, also stands at 596 meters, attracting hikers year-round.","['Sikjangsan', 'in', 'Daejeon,', 'South', 'Korea,', 'also', 'stands', 'at', '596', 'meters,', 'attracting', 'hikers', 'year-round.']","['B-MOUNTAIN', 'O', 'O', 'O', 'O', 'O', 'O', 'O', 'O', 'O', 'O', 'O', 'O']"
"Forbordsfjellet in Nord-Trøndelag, Norway, rises to 590 meters, providing stunning views of the fjords.","['Forbordsfjellet', 'in', 'Nord-Trøndelag,', 'Norway,', 'rises', 'to', '590', 'meters,', 'providing', 'stunning', 'views', 'of', 'the', 'fjords.']","['B-MOUNTAIN', 'O', 'O', 'O', 'O', 'O', 'O', 'O', 'O', 'O', 'O', 'O', 'O', 'O']"
"Piton du Millieu in Mauritius, with a height of 589 meters, is surrounded by rich biodiversity.","['Piton', 'du', 'Millieu', 'in', 'Mauritius,', 'with', 'a', 'height', 'of', '589', 'meters,', 'is', 'surrounded', 'by', 'rich', 'biodiversity.']","['B-MOUNTAIN', 'I-MOUNTAIN', 'I-MOUNTAIN', 'O', 'O', 'O', 'O', 'O', 'O', 'O', 'O', 'O', 'O', 'O', 'O', 'O']"
"Gwanggyosan in Gyeonggi Province, South Korea, stands at 582 meters and is a popular spot for locals.","['Gwanggyosan', 'in', 'Gyeonggi', 'Province,', 'South', 'Korea,', 'stands', 'at', '582', 'meters', 'and', 'is', 'a', 'popular', 'spot', 'for', 'locals.']","['B-MOUNTAIN', 'O', 'O', 'O', 'O', 'O', 'O', 'O', 'O', 'O', 'O', 'O', 'O', 'O', 'O', 'O', 'O']"
"Mount Pond, located in the South Shetland Islands, reaches 576 meters and is a remote and beautiful location.","['Mount', 'Pond,', 'located', 'in', 'the', 'South', 'Shetland', 'Islands,', 'reaches', '576', 'meters', 'and', 'is', 'a', 'remote', 'and', 'beautiful', 'location.']","['B-MOUNTAIN', 'I-MOUNTAIN', 'O', 'O', 'O', 'O', 'O', 'O', 'O', 'O', 'O', 'O', 'O', 'O', 'O', 'O', 'O', 'O']"
"Mount Tabor in Galilee, Israel, at 575 meters, is steeped in historical significance and natural beauty.","['Mount', 'Tabor', 'in', 'Galilee,', 'Israel,', 'at', '575', 'meters,', 'is', 'steeped', 'in', 'historical', 'significance', 'and', 'natural', 'beauty.']","['B-MOUNTAIN', 'I-MOUNTAIN', 'O', 'O', 'O', 'O', 'O', 'O', 'O', 'O', 'O', 'O', 'O', 'O', 'O', 'O']"
"Monte Conero in Ancona, Italy, rises to 572 meters and offers stunning views of the Adriatic Sea.","['Monte', 'Conero', 'in', 'Ancona,', 'Italy,', 'rises', 'to', '572', 'meters', 'and', 'offers', 'stunning', 'views', 'of', 'the', 'Adriatic', 'Sea.']","['B-MOUNTAIN', 'I-MOUNTAIN', 'O', 'O', 'O', 'O', 'O', 'O', 'O', 'O', 'O', 'O', 'O', 'O', 'O', 'O', 'O']"
"Gyeryongsan in South Gyeongsang Province, South Korea, reaches 566 meters and is a favorite among hikers.","['Gyeryongsan', 'in', 'South', 'Gyeongsang', 'Province,', 'South', 'Korea,', 'reaches', '566', 'meters', 'and', 'is', 'a', 'favorite', 'among', 'hikers.']","['B-MOUNTAIN', 'O', 'O', 'O', 'O', 'O', 'O', 'O', 'O', 'O', 'O', 'O', 'O', 'O', 'O', 'O']"
"Mount Honey in Campbell Islands, New Zealand, stands at 558 meters and is known for its wildlife.","['Mount', 'Honey', 'in', 'Campbell', 'Islands,', 'New', 'Zealand,', 'stands', 'at', '558', 'meters', 'and', 'is', 'known', 'for', 'its', 'wildlife.']","['B-MOUNTAIN', 'I-MOUNTAIN', 'O', 'O', 'O', 'O', 'O', 'O', 'O', 'O', 'O', 'O', 'O', 'O', 'O', 'O', 'O']"
"Le Morne Brabant in Mauritius, at 555 meters, is recognized for its cultural significance and beautiful landscapes.","['Le', 'Morne', 'Brabant', 'in', 'Mauritius,', 'at', '555', 'meters,', 'is', 'recognized', 'for', 'its', 'cultural', 'significance', 'and', 'beautiful', 'landscapes.']","['B-MOUNTAIN', 'I-MOUNTAIN', 'I-MOUNTAIN', 'O', 'O', 'O', 'O', 'O', 'O', 'O', 'O', 'O', 'O', 'O', 'O', 'O', 'O']"
"Tourelle du Tamarin, standing at 548 meters in Mauritius, offers great opportunities for hiking and exploration.","['Tourelle', 'du', 'Tamarin,', 'standing', 'at', '548', 'meters', 'in', 'Mauritius,', 'offers', 'great', 'opportunities', 'for', 'hiking', 'and', 'exploration.']","['B-MOUNTAIN', 'I-MOUNTAIN', 'I-MOUNTAIN', 'O', 'O', 'O', 'O', 'O', 'O', 'O', 'O', 'O', 'O', 'O', 'O', 'O']"
"Rempart Mountain (Montagne du Rempart) in Mauritius, reaching 545 meters, is renowned for its picturesque views.","['Rempart', 'Mountain', '(Montagne', 'du', 'Rempart)', 'in', 'Mauritius,', 'reaching', '545', 'meters,', 'is', 'renowned', 'for', 'its', 'picturesque', 'views.']","['O', 'O', 'O', 'O', 'O', 'O', 'O', 'O', 'O', 'O', 'O', 'O', 'O', 'O', 'O', 'O']"
"Palasip Qaqqaa (Præstefjeldet) in Greenland rises to 544 meters, providing a serene hiking experience.","['Palasip', 'Qaqqaa', '(Præstefjeldet)', 'in', 'Greenland', 'rises', 'to', '544', 'meters,', 'providing', 'a', 'serene', 'hiking', 'experience.']","['O', 'O', 'O', 'O', 'B-MOUNTAIN', 'O', 'O', 'O', 'O', 'O', 'O', 'O', 'O', 'O']"
"Namamsan in Ulsan, South Korea, stands at 543 meters and is a popular spot for both locals and tourists.","['Namamsan', 'in', 'Ulsan,', 'South', 'Korea,', 'stands', 'at', '543', 'meters', 'and', 'is', 'a', 'popular', 'spot', 'for', 'both', 'locals', 'and', 'tourists.']","['B-MOUNTAIN', 'O', 'O', 'O', 'O', 'O', 'O', 'O', 'O', 'O', 'O', 'O', 'O', 'O', 'O', 'O', 'O', 'O', 'O']"
"Taum Sauk Mountain in Missouri, USA, reaches a height of 540 meters and is known for its beautiful scenery.","['Taum', 'Sauk', 'Mountain', 'in', 'Missouri,', 'USA,', 'reaches', 'a', 'height', 'of', '540', 'meters', 'and', 'is', 'known', 'for', 'its', 'beautiful', 'scenery.']","['B-MOUNTAIN', 'I-MOUNTAIN', 'I-MOUNTAIN', 'O', 'O', 'O', 'O', 'O', 'O', 'O', 'O', 'O', 'O', 'O', 'O', 'O', 'O', 'O', 'O']"
"Great Mell Fell in Cumbria, England, at 537 meters, offers great hiking trails with stunning views.","['Great', 'Mell', 'Fell', 'in', 'Cumbria,', 'England,', 'at', '537', 'meters,', 'offers', 'great', 'hiking', 'trails', 'with', 'stunning', 'views.']","['B-MOUNTAIN', 'I-MOUNTAIN', 'I-MOUNTAIN', 'O', 'O', 'O', 'O', 'O', 'O', 'O', 'O', 'O', 'O', 'O', 'O', 'O']"
"Geomdansan (Seongnam) in Gyeonggi Province, South Korea, rises to 534.7 meters, making it a great spot for hiking.","['Geomdansan', '(Seongnam)', 'in', 'Gyeonggi', 'Province,', 'South', 'Korea,', 'rises', 'to', '534.7', 'meters,', 'making', 'it', 'a', 'great', 'spot', 'for', 'hiking.']","['B-MOUNTAIN', 'I-MOUNTAIN', 'O', 'O', 'O', 'O', 'O', 'O', 'O', 'O', 'O', 'O', 'O', 'O', 'O', 'O', 'O', 'O']"
"Mountain Blanche (Montagne Blanche) in Mauritius stands at 532 meters, surrounded by lush landscapes.","['Mountain', 'Blanche', '(Montagne', 'Blanche)', 'in', 'Mauritius', 'stands', 'at', '532', 'meters,', 'surrounded', 'by', 'lush', 'landscapes.']","['O', 'O', 'O', 'O', 'O', 'O', 'O', 'O', 'O', 'O', 'O', 'O', 'O', 'O']"
"Yeonhwasan in Ulsan, South Korea, also reaches a height of 532 meters, attracting many nature lovers.","['Yeonhwasan', 'in', 'Ulsan,', 'South', 'Korea,', 'also', 'reaches', 'a', 'height', 'of', '532', 'meters,', 'attracting', 'many', 'nature', 'lovers.']","['B-MOUNTAIN', 'O', 'O', 'O', 'O', 'O', 'O', 'O', 'O', 'O', 'O', 'O', 'O', 'O', 'O', 'O']"
"Heukseongsan in North Chungcheong Province, South Korea, rises to 519 meters and is a scenic hiking destination.","['Heukseongsan', 'in', 'North', 'Chungcheong', 'Province,', 'South', 'Korea,', 'rises', 'to', '519', 'meters', 'and', 'is', 'a', 'scenic', 'hiking', 'destination.']","['B-MOUNTAIN', 'O', 'O', 'O', 'O', 'O', 'O', 'O', 'O', 'O', 'O', 'O', 'O', 'O', 'O', 'O', 'O']"
"Avala in Serbia stands at 511 meters, known for its historical significance and beautiful views.","['Avala', 'in', 'Serbia', 'stands', 'at', '511', 'meters,', 'known', 'for', 'its', 'historical', 'significance', 'and', 'beautiful', 'views.']","['B-MOUNTAIN', 'O', 'O', 'O', 'O', 'O', 'O', 'O', 'O', 'O', 'O', 'O', 'O', 'O', 'O']"
Mountain La Terre (Mont La Terre) in Mauritius reaches 504 meters and is a popular local hiking spot.,"['Mountain', 'La', 'Terre', '(Mont', 'La', 'Terre)', 'in', 'Mauritius', 'reaches', '504', 'meters', 'and', 'is', 'a', 'popular', 'local', 'hiking', 'spot.']","['O', 'O', 'O', 'O', 'O', 'O', 'O', 'O', 'O', 'O', 'O', 'O', 'O', 'O', 'O', 'O', 'O', 'O']"
Lion Mountain (Montagne Lion) in Mauritius stands at 480 meters and is known for its unique rock formations.,"['Lion', 'Mountain', '(Montagne', 'Lion)', 'in', 'Mauritius', 'stands', 'at', '480', 'meters', 'and', 'is', 'known', 'for', 'its', 'unique', 'rock', 'formations.']","['O', 'O', 'O', 'O', 'O', 'O', 'O', 'O', 'O', 'O', 'O', 'O', 'O', 'O', 'O', 'O', 'O', 'O']"
"Little Si in Washington, USA, reaches 480 meters and is a popular hiking destination in the Cascade Range.","['Little', 'Si', 'in', 'Washington,', 'USA,', 'reaches', '480', 'meters', 'and', 'is', 'a', 'popular', 'hiking', 'destination', 'in', 'the', 'Cascade', 'Range.']","['B-MOUNTAIN', 'I-MOUNTAIN', 'O', 'O', 'O', 'O', 'O', 'O', 'O', 'O', 'O', 'O', 'O', 'O', 'O', 'O', 'O', 'O']"
"Mount Ramsay in Antarctica rises to 475 meters and is known for its stunning, untouched landscapes.","['Mount', 'Ramsay', 'in', 'Antarctica', 'rises', 'to', '475', 'meters', 'and', 'is', 'known', 'for', 'its', 'stunning,', 'untouched', 'landscapes.']","['B-MOUNTAIN', 'I-MOUNTAIN', 'O', 'O', 'O', 'O', 'O', 'O', 'O', 'O', 'O', 'O', 'O', 'O', 'O', 'O']"
"Tutuiatu Peak in Romania stands at 467 meters, offering beautiful views of the surrounding areas.","['Tutuiatu', 'Peak', 'in', 'Romania', 'stands', 'at', '467', 'meters,', 'offering', 'beautiful', 'views', 'of', 'the', 'surrounding', 'areas.']","['B-MOUNTAIN', 'I-MOUNTAIN', 'O', 'O', 'O', 'O', 'O', 'O', 'O', 'O', 'O', 'O', 'O', 'O', 'O']"
"Mount Keira in New South Wales, Australia, reaches a height of 462 meters and is located near Wollongong.","['Mount', 'Keira', 'in', 'New', 'South', 'Wales,', 'Australia,', 'reaches', 'a', 'height', 'of', '462', 'meters', 'and', 'is', 'located', 'near', 'Wollongong.']","['B-MOUNTAIN', 'I-MOUNTAIN', 'O', 'O', 'O', 'O', 'O', 'O', 'O', 'O', 'O', 'O', 'O', 'O', 'O', 'O', 'O', 'O']"
Pu'u Moaulanui in Hawaii rises to 452 meters and is known for its beautiful scenery and unique ecosystem.,"[""Pu'u"", 'Moaulanui', 'in', 'Hawaii', 'rises', 'to', '452', 'meters', 'and', 'is', 'known', 'for', 'its', 'beautiful', 'scenery', 'and', 'unique', 'ecosystem.']","['B-MOUNTAIN', 'I-MOUNTAIN', 'O', 'O', 'O', 'O', 'O', 'O', 'O', 'O', 'O', 'O', 'O', 'O', 'O', 'O', 'O', 'O']"
"Blue Mountain in Ontario, Canada, also stands at 452 meters and is a popular skiing destination.","['Blue', 'Mountain', 'in', 'Ontario,', 'Canada,', 'also', 'stands', 'at', '452', 'meters', 'and', 'is', 'a', 'popular', 'skiing', 'destination.']","['B-MOUNTAIN', 'I-MOUNTAIN', 'O', 'O', 'O', 'O', 'O', 'O', 'O', 'O', 'O', 'O', 'O', 'O', 'O', 'O']"
"Muryongsan in Ulsan, South Korea, reaches 452 meters and is a favorite among local hikers.","['Muryongsan', 'in', 'Ulsan,', 'South', 'Korea,', 'reaches', '452', 'meters', 'and', 'is', 'a', 'favorite', 'among', 'local', 'hikers.']","['O', 'O', 'O', 'O', 'O', 'O', 'O', 'O', 'O', 'O', 'O', 'O', 'O', 'O', 'O']"
"Achladokambos in Greece rises to 450 meters, offering picturesque views of the surrounding landscape.","['Achladokambos', 'in', 'Greece', 'rises', 'to', '450', 'meters,', 'offering', 'picturesque', 'views', 'of', 'the', 'surrounding', 'landscape.']","['B-MOUNTAIN', 'O', 'O', 'O', 'O', 'O', 'O', 'O', 'O', 'O', 'O', 'O', 'O', 'O']"
"Dongdaesan in Ulsan, South Korea, stands at 447 meters and is a popular spot for nature enthusiasts.","['Dongdaesan', 'in', 'Ulsan,', 'South', 'Korea,', 'stands', 'at', '447', 'meters', 'and', 'is', 'a', 'popular', 'spot', 'for', 'nature', 'enthusiasts.']","['O', 'O', 'O', 'O', 'O', 'O', 'O', 'O', 'O', 'O', 'O', 'O', 'O', 'O', 'O', 'O', 'O']"
"Diamond Hill in Connemara National Park, Ireland, reaches 442 meters and is known for its natural beauty.","['Diamond', 'Hill', 'in', 'Connemara', 'National', 'Park,', 'Ireland,', 'reaches', '442', 'meters', 'and', 'is', 'known', 'for', 'its', 'natural', 'beauty.']","['B-MOUNTAIN', 'I-MOUNTAIN', 'O', 'O', 'O', 'O', 'O', 'O', 'O', 'O', 'O', 'O', 'O', 'O', 'O', 'O', 'O']"
"Gibraltar, with a height of 426 meters, offers stunning views of the surrounding sea.","['Gibraltar,', 'with', 'a', 'height', 'of', '426', 'meters,', 'offers', 'stunning', 'views', 'of', 'the', 'surrounding', 'sea.']","['B-MOUNTAIN', 'O', 'O', 'O', 'O', 'O', 'O', 'O', 'O', 'O', 'O', 'O', 'O', 'O']"
"Pic Paradis in Saint Martin, France, rises to 424 meters and is the highest point on the island.","['Pic', 'Paradis', 'in', 'Saint', 'Martin,', 'France,', 'rises', 'to', '424', 'meters', 'and', 'is', 'the', 'highest', 'point', 'on', 'the', 'island.']","['B-MOUNTAIN', 'I-MOUNTAIN', 'O', 'O', 'O', 'O', 'O', 'O', 'O', 'O', 'O', 'O', 'O', 'O', 'O', 'O', 'O', 'O']"
"Havsula in Svalbard, Norway, reaches 415 meters and is known for its dramatic landscapes.","['Havsula', 'in', 'Svalbard,', 'Norway,', 'reaches', '415', 'meters', 'and', 'is', 'known', 'for', 'its', 'dramatic', 'landscapes.']","['B-MOUNTAIN', 'O', 'O', 'O', 'O', 'O', 'O', 'O', 'O', 'O', 'O', 'O', 'O', 'O']"
"Storm King Mountain in the Hudson Highlands of New York, USA, stands at 408 meters and offers great hiking.","['Storm', 'King', 'Mountain', 'in', 'the', 'Hudson', 'Highlands', 'of', 'New', 'York,', 'USA,', 'stands', 'at', '408', 'meters', 'and', 'offers', 'great', 'hiking.']","['B-MOUNTAIN', 'I-MOUNTAIN', 'I-MOUNTAIN', 'O', 'O', 'O', 'O', 'O', 'O', 'O', 'O', 'O', 'O', 'O', 'O', 'O', 'O', 'O', 'O']"
"Gyeyangsan in Incheon, South Korea, rises to 395 meters, providing stunning views of the city.","['Gyeyangsan', 'in', 'Incheon,', 'South', 'Korea,', 'rises', 'to', '395', 'meters,', 'providing', 'stunning', 'views', 'of', 'the', 'city.']","['B-MOUNTAIN', 'O', 'O', 'O', 'O', 'O', 'O', 'O', 'O', 'O', 'O', 'O', 'O', 'O', 'O']"
Mount Galloway in the Antipode Islands of New Zealand reaches 366 meters and is known for its remoteness.,"['Mount', 'Galloway', 'in', 'the', 'Antipode', 'Islands', 'of', 'New', 'Zealand', 'reaches', '366', 'meters', 'and', 'is', 'known', 'for', 'its', 'remoteness.']","['B-MOUNTAIN', 'I-MOUNTAIN', 'O', 'O', 'O', 'O', 'O', 'O', 'O', 'O', 'O', 'O', 'O', 'O', 'O', 'O', 'O', 'O']"
"Pawala Valley Ridge in the Pitcairn Islands stands at 347 meters, marking the highest point of the islands.","['Pawala', 'Valley', 'Ridge', 'in', 'the', 'Pitcairn', 'Islands', 'stands', 'at', '347', 'meters,', 'marking', 'the', 'highest', 'point', 'of', 'the', 'islands.']","['B-MOUNTAIN', 'I-MOUNTAIN', 'I-MOUNTAIN', 'O', 'O', 'O', 'O', 'O', 'O', 'O', 'O', 'O', 'O', 'O', 'O', 'O', 'O', 'O']"
"Loughrigg Fell in Central Fells, England, reaches 335 meters and is a favorite among local hikers.","['Loughrigg', 'Fell', 'in', 'Central', 'Fells,', 'England,', 'reaches', '335', 'meters', 'and', 'is', 'a', 'favorite', 'among', 'local', 'hikers.']","['B-MOUNTAIN', 'I-MOUNTAIN', 'O', 'O', 'O', 'O', 'O', 'O', 'O', 'O', 'O', 'O', 'O', 'O', 'O', 'O']"
Mount Kinka (Gifu) in Japan rises to 329 meters and is popular for its scenic views and hiking trails.,"['Mount', 'Kinka', '(Gifu)', 'in', 'Japan', 'rises', 'to', '329', 'meters', 'and', 'is', 'popular', 'for', 'its', 'scenic', 'views', 'and', 'hiking', 'trails.']","['B-MOUNTAIN', 'I-MOUNTAIN', 'I-MOUNTAIN', 'O', 'O', 'O', 'O', 'O', 'O', 'O', 'O', 'O', 'O', 'O', 'O', 'O', 'O', 'O', 'O']"
"Vaalserberg in Limburg, Netherlands, stands at 321 meters, marking the highest point in the country.","['Vaalserberg', 'in', 'Limburg,', 'Netherlands,', 'stands', 'at', '321', 'meters,', 'marking', 'the', 'highest', 'point', 'in', 'the', 'country.']","['B-MOUNTAIN', 'O', 'O', 'O', 'O', 'O', 'O', 'O', 'O', 'O', 'O', 'O', 'O', 'O', 'O']"
"Mount Bates in Norfolk Island, Australia, reaches 319 meters and is known for its beautiful scenery.","['Mount', 'Bates', 'in', 'Norfolk', 'Island,', 'Australia,', 'reaches', '319', 'meters', 'and', 'is', 'known', 'for', 'its', 'beautiful', 'scenery.']","['B-MOUNTAIN', 'I-MOUNTAIN', 'O', 'O', 'O', 'O', 'O', 'O', 'O', 'O', 'O', 'O', 'O', 'O', 'O', 'O']"
"Suur Munamägi in Haanja, Estonia, rises to 318 meters and is the highest point in the country.","['Suur', 'Munamägi', 'in', 'Haanja,', 'Estonia,', 'rises', 'to', '318', 'meters', 'and', 'is', 'the', 'highest', 'point', 'in', 'the', 'country.']","['B-MOUNTAIN', 'I-MOUNTAIN', 'O', 'O', 'O', 'O', 'O', 'O', 'O', 'O', 'O', 'O', 'O', 'O', 'O', 'O', 'O']"
"Gaiziņkalns in Latvia stands at 312 meters, marking the highest point in Latvia.","['Gaiziņkalns', 'in', 'Latvia', 'stands', 'at', '312', 'meters,', 'marking', 'the', 'highest', 'point', 'in', 'Latvia.']","['B-MOUNTAIN', 'O', 'O', 'O', 'O', 'O', 'O', 'O', 'O', 'O', 'O', 'O', 'O']"
"Mutla Ridge in Kuwait reaches 306 meters, recognized as the highest point in the country.","['Mutla', 'Ridge', 'in', 'Kuwait', 'reaches', '306', 'meters,', 'recognized', 'as', 'the', 'highest', 'point', 'in', 'the', 'country.']","['B-MOUNTAIN', 'I-MOUNTAIN', 'O', 'O', 'O', 'O', 'O', 'O', 'O', 'O', 'O', 'O', 'O', 'O', 'O']"
"Aukštojas in Medininkai, Lithuania, stands at 293.84 meters and is known for its natural beauty.","['Aukštojas', 'in', 'Medininkai,', 'Lithuania,', 'stands', 'at', '293.84', 'meters', 'and', 'is', 'known', 'for', 'its', 'natural', 'beauty.']","['B-MOUNTAIN', 'O', 'O', 'O', 'O', 'O', 'O', 'O', 'O', 'O', 'O', 'O', 'O', 'O', 'O']"
"Kruopinė in Vilnius, Lithuania, reaches 293.65 meters, offering picturesque views of the city.","['Kruopinė', 'in', 'Vilnius,', 'Lithuania,', 'reaches', '293.65', 'meters,', 'offering', 'picturesque', 'views', 'of', 'the', 'city.']","['B-MOUNTAIN', 'O', 'O', 'O', 'O', 'O', 'O', 'O', 'O', 'O', 'O', 'O', 'O']"
"Juozapinė in Vilnius, Lithuania, rises to 292.7 meters, surrounded by beautiful landscapes.","['Juozapinė', 'in', 'Vilnius,', 'Lithuania,', 'rises', 'to', '292.7', 'meters,', 'surrounded', 'by', 'beautiful', 'landscapes.']","['B-MOUNTAIN', 'O', 'O', 'O', 'O', 'O', 'O', 'O', 'O', 'O', 'O', 'O']"
"Morne du Vitet in Saint Barthélemy, France, reaches 286 meters and is the highest point of the island.","['Morne', 'du', 'Vitet', 'in', 'Saint', 'Barthélemy,', 'France,', 'reaches', '286', 'meters', 'and', 'is', 'the', 'highest', 'point', 'of', 'the', 'island.']","['B-MOUNTAIN', 'I-MOUNTAIN', 'I-MOUNTAIN', 'O', 'O', 'O', 'O', 'O', 'O', 'O', 'O', 'O', 'O', 'O', 'O', 'O', 'O', 'O']"
"Qixia Mountain in Nanjing, China, stands at 286 meters and is known for its scenic beauty.","['Qixia', 'Mountain', 'in', 'Nanjing,', 'China,', 'stands', 'at', '286', 'meters', 'and', 'is', 'known', 'for', 'its', 'scenic', 'beauty.']","['B-MOUNTAIN', 'I-MOUNTAIN', 'O', 'O', 'O', 'O', 'O', 'O', 'O', 'O', 'O', 'O', 'O', 'O', 'O', 'O']"
"Hwajangsan in Ulsan, South Korea, reaches 285 meters, offering stunning views of the surrounding areas.","['Hwajangsan', 'in', 'Ulsan,', 'South', 'Korea,', 'reaches', '285', 'meters,', 'offering', 'stunning', 'views', 'of', 'the', 'surrounding', 'areas.']","['B-MOUNTAIN', 'O', 'O', 'O', 'O', 'O', 'O', 'O', 'O', 'O', 'O', 'O', 'O', 'O', 'O']"
"Potolaka/Putuo Shan in Zhejiang, China, rises to 284 meters and is recognized for its cultural significance.","['Potolaka/Putuo', 'Shan', 'in', 'Zhejiang,', 'China,', 'rises', 'to', '284', 'meters', 'and', 'is', 'recognized', 'for', 'its', 'cultural', 'significance.']","['B-MOUNTAIN', 'I-MOUNTAIN', 'O', 'O', 'O', 'O', 'O', 'O', 'O', 'O', 'O', 'O', 'O', 'O', 'O', 'O']"
"Westmacott in New South Wales, Australia, stands at 253 meters and is a great spot for hiking.","['Westmacott', 'in', 'New', 'South', 'Wales,', 'Australia,', 'stands', 'at', '253', 'meters', 'and', 'is', 'a', 'great', 'spot', 'for', 'hiking.']","['B-MOUNTAIN', 'O', 'O', 'O', 'O', 'O', 'O', 'O', 'O', 'O', 'O', 'O', 'O', 'O', 'O', 'O', 'O']"
"Jerimoth Hill in Rhode Island, USA, reaches 247 meters and is the highest point in the state.","['Jerimoth', 'Hill', 'in', 'Rhode', 'Island,', 'USA,', 'reaches', '247', 'meters', 'and', 'is', 'the', 'highest', 'point', 'in', 'the', 'state.']","['B-MOUNTAIN', 'I-MOUNTAIN', 'O', 'O', 'O', 'O', 'O', 'O', 'O', 'O', 'O', 'O', 'O', 'O', 'O', 'O', 'O']"
"Mount Ngerchelchuus in Babeldaob, Palau, rises to 242 meters and is a notable geographic feature.","['Mount', 'Ngerchelchuus', 'in', 'Babeldaob,', 'Palau,', 'rises', 'to', '242', 'meters', 'and', 'is', 'a', 'notable', 'geographic', 'feature.']","['B-MOUNTAIN', 'I-MOUNTAIN', 'O', 'O', 'O', 'O', 'O', 'O', 'O', 'O', 'O', 'O', 'O', 'O', 'O']"
"Diamond Head in Hawaii, USA, stands at 232 meters and is famous for its volcanic crater.","['Diamond', 'Head', 'in', 'Hawaii,', 'USA,', 'stands', 'at', '232', 'meters', 'and', 'is', 'famous', 'for', 'its', 'volcanic', 'crater.']","['B-MOUNTAIN', 'I-MOUNTAIN', 'O', 'O', 'O', 'O', 'O', 'O', 'O', 'O', 'O', 'O', 'O', 'O', 'O', 'O']"
"Yeomposan in Ulsan, South Korea, reaches 203 meters and is known for its beautiful scenery.","['Yeomposan', 'in', 'Ulsan,', 'South', 'Korea,', 'reaches', '203', 'meters', 'and', 'is', 'known', 'for', 'its', 'beautiful', 'scenery.']","['B-MOUNTAIN', 'O', 'O', 'O', 'O', 'O', 'O', 'O', 'O', 'O', 'O', 'O', 'O', 'O', 'O']"
"Hamwolsan in Ulsan, South Korea, rises to 200 meters and is a popular spot for locals.","['Hamwolsan', 'in', 'Ulsan,', 'South', 'Korea,', 'rises', 'to', '200', 'meters', 'and', 'is', 'a', 'popular', 'spot', 'for', 'locals.']","['B-MOUNTAIN', 'O', 'O', 'O', 'O', 'O', 'O', 'O', 'O', 'O', 'O', 'O', 'O', 'O', 'O', 'O']"
"Great Blue Hill in Massachusetts, USA, stands at 193.5 meters and offers great hiking opportunities.","['Great', 'Blue', 'Hill', 'in', 'Massachusetts,', 'USA,', 'stands', 'at', '193.5', 'meters', 'and', 'offers', 'great', 'hiking', 'opportunities.']","['B-MOUNTAIN', 'I-MOUNTAIN', 'I-MOUNTAIN', 'O', 'O', 'O', 'O', 'O', 'O', 'O', 'O', 'O', 'O', 'O', 'O']"
"Alto de Coloane in Macau reaches 170 meters, recognized as the highest point on the peninsula.","['Alto', 'de', 'Coloane', 'in', 'Macau', 'reaches', '170', 'meters,', 'recognized', 'as', 'the', 'highest', 'point', 'on', 'the', 'peninsula.']","['B-MOUNTAIN', 'I-MOUNTAIN', 'I-MOUNTAIN', 'O', 'O', 'O', 'O', 'O', 'O', 'O', 'O', 'O', 'O', 'O', 'O', 'O']"
"Bukit Timah Hill in Singapore rises to 164 meters, known for its rich biodiversity and nature trails.","['Bukit', 'Timah', 'Hill', 'in', 'Singapore', 'rises', 'to', '164', 'meters,', 'known', 'for', 'its', 'rich', 'biodiversity', 'and', 'nature', 'trails.']","['B-MOUNTAIN', 'I-MOUNTAIN', 'I-MOUNTAIN', 'O', 'O', 'O', 'O', 'O', 'O', 'O', 'O', 'O', 'O', 'O', 'O', 'O', 'O']"
"Himmelbjerget in Silkeborg, Denmark, stands at 147 meters and can be accessed via ferry.","['Himmelbjerget', 'in', 'Silkeborg,', 'Denmark,', 'stands', 'at', '147', 'meters', 'and', 'can', 'be', 'accessed', 'via', 'ferry.']","['B-MOUNTAIN', 'O', 'O', 'O', 'O', 'O', 'O', 'O', 'O', 'O', 'O', 'O', 'O', 'O']"
"Les Platons in Jersey, United Kingdom, rises to 143 meters, marking the highest point on the island.","['Les', 'Platons', 'in', 'Jersey,', 'United', 'Kingdom,', 'rises', 'to', '143', 'meters,', 'marking', 'the', 'highest', 'point', 'on', 'the', 'island.']","['B-MOUNTAIN', 'I-MOUNTAIN', 'O', 'O', 'O', 'O', 'O', 'O', 'O', 'O', 'O', 'O', 'O', 'O', 'O', 'O', 'O']"
"Aborrebjerg in Møn, Denmark, stands at 143 meters, offering picturesque views of the surrounding countryside.","['Aborrebjerg', 'in', 'Møn,', 'Denmark,', 'stands', 'at', '143', 'meters,', 'offering', 'picturesque', 'views', 'of', 'the', 'surrounding', 'countryside.']","['B-MOUNTAIN', 'O', 'O', 'O', 'O', 'O', 'O', 'O', 'O', 'O', 'O', 'O', 'O', 'O', 'O']"
"Māngere Mountain in New Zealand reaches 107 meters, known for its cultural significance.","['Māngere', 'Mountain', 'in', 'New', 'Zealand', 'reaches', '107', 'meters,', 'known', 'for', 'its', 'cultural', 'significance.']","['B-MOUNTAIN', 'I-MOUNTAIN', 'O', 'O', 'O', 'O', 'O', 'O', 'O', 'O', 'O', 'O', 'O']"
"Britton Hill in Florida, USA, stands at 105 meters, recognized as the lowest high point of any .","['Britton', 'Hill', 'in', 'Florida,', 'USA,', 'stands', 'at', '105', 'meters,', 'recognized', 'as', 'the', 'lowest', 'high', 'point', 'of', 'any', '.']","['B-MOUNTAIN', 'I-MOUNTAIN', 'O', 'O', 'O', 'O', 'O', 'O', 'O', 'O', 'O', 'O', 'O', 'O', 'O', 'O', 'O', 'O']"
"Mount Hakkoda in Aomori Prefecture, Japan, rises to 100 meters and is famous for its hot springs.","['Mount', 'Hakkoda', 'in', 'Aomori', 'Prefecture,', 'Japan,', 'rises', 'to', '100', 'meters', 'and', 'is', 'famous', 'for', 'its', 'hot', 'springs.']","['O', 'O', 'O', 'O', 'O', 'O', 'O', 'O', 'O', 'O', 'O', 'O', 'O', 'O', 'O', 'O', 'O']"
"Barasat in West Bengal, India, reaches 91 meters and is known for its vibrant culture.","['Barasat', 'in', 'West', 'Bengal,', 'India,', 'reaches', '91', 'meters', 'and', 'is', 'known', 'for', 'its', 'vibrant', 'culture.']","['O', 'O', 'O', 'O', 'O', 'O', 'O', 'O', 'O', 'O', 'O', 'O', 'O', 'O', 'O']"
"Bousquet in Quebec, Canada, rises to 70 meters, popular for its outdoor activities.","['Bousquet', 'in', 'Quebec,', 'Canada,', 'rises', 'to', '70', 'meters,', 'popular', 'for', 'its', 'outdoor', 'activities.']","['O', 'O', 'O', 'O', 'O', 'O', 'O', 'O', 'O', 'O', 'O', 'O', 'O']"
"Chaumont in France stands at 55 meters, recognized for its historical significance.","['Chaumont', 'in', 'France', 'stands', 'at', '55', 'meters,', 'recognized', 'for', 'its', 'historical', 'significance.']","['O', 'O', 'O', 'O', 'O', 'O', 'O', 'O', 'O', 'O', 'O', 'O']"
"Mount Iwaki in Aomori, Japan, reaches 45 meters and is known for its beautiful scenery.","['Mount', 'Iwaki', 'in', 'Aomori,', 'Japan,', 'reaches', '45', 'meters', 'and', 'is', 'known', 'for', 'its', 'beautiful', 'scenery.']","['O', 'O', 'O', 'O', 'O', 'O', 'O', 'O', 'O', 'O', 'O', 'O', 'O', 'O', 'O']"
"Sahne Hill in Daejeon, South Korea, stands at 44 meters and offers a tranquil escape from the city.","['Sahne', 'Hill', 'in', 'Daejeon,', 'South', 'Korea,', 'stands', 'at', '44', 'meters', 'and', 'offers', 'a', 'tranquil', 'escape', 'from', 'the', 'city.']","['O', 'O', 'O', 'O', 'O', 'O', 'O', 'O', 'O', 'O', 'O', 'O', 'O', 'O', 'O', 'O', 'O', 'O']"
"Daung in Pyeongtaek, South Korea, reaches 43 meters, providing beautiful views of the surrounding landscape.","['Daung', 'in', 'Pyeongtaek,', 'South', 'Korea,', 'reaches', '43', 'meters,', 'providing', 'beautiful', 'views', 'of', 'the', 'surrounding', 'landscape.']","['O', 'O', 'O', 'O', 'O', 'O', 'O', 'O', 'O', 'O', 'O', 'O', 'O', 'O', 'O']"
"Mizuyama in Fukuoka, Japan, rises to 40 meters, known for its serene environment.","['Mizuyama', 'in', 'Fukuoka,', 'Japan,', 'rises', 'to', '40', 'meters,', 'known', 'for', 'its', 'serene', 'environment.']","['O', 'O', 'O', 'O', 'O', 'O', 'O', 'O', 'O', 'O', 'O', 'O', 'O']"
Jangsu Mountain in South Korea stands at 34 meters and is a popular hiking destination.,"['Jangsu', 'Mountain', 'in', 'South', 'Korea', 'stands', 'at', '34', 'meters', 'and', 'is', 'a', 'popular', 'hiking', 'destination.']","['O', 'O', 'O', 'O', 'O', 'O', 'O', 'O', 'O', 'O', 'O', 'O', 'O', 'O', 'O']"
"Visitors to Gros Morne can also explore diverse ecosystems, from coastal areas to boreal forests, making it a great destination for nature lovers and outdoor enthusiasts.","['Visitors', 'to', 'Gros', 'Morne', 'can', 'also', 'explore', 'diverse', 'ecosystems,', 'from', 'coastal', 'areas', 'to', 'boreal', 'forests,', 'making', 'it', 'a', 'great', 'destination', 'for', 'nature', 'lovers', 'and', 'outdoor', 'enthusiasts.']","['O', 'O', 'B-MOUNTAIN', 'I-MOUNTAIN', 'O', 'O', 'O', 'O', 'O', 'O', 'O', 'O', 'O', 'O', 'O', 'O', 'O', 'O', 'O', 'O', 'O', 'O', 'O', 'O', 'O', 'O']"
